Source Name	Type	Type2	Accession	Title	Platform	Total bases	Create date	SRA URL	SRA filename	SRA nice filename	FastQ URL	FastQ Aspera URL	FastQ filename	FastQ nice filename
hESCpassage_10_Cell_4	hESC_p10	primed	SRR491068	GSM922253: hESC passage#10 -Cell#4; Homo sapiens; RNA-Seq	Illumina HiSeq 2000	34687	1.37628E+12	ftp://ftp-trace.ncbi.nlm.nih.gov/sra/sra-instant/reads/ByRun/sra/SRR/SRR491/SRR491068/SRR491068.sra	SRR491068.sra	SRR491068_GSM922253_hESC_passage_10_-Cell_4_Homo_sapiens_RNA-Seq.sra	ftp://ftp.sra.ebi.ac.uk/vol1/fastq/SRR491/SRR491068/SRR491068.fastq.gz	era-fasp@fasp.sra.ebi.ac.uk:vol1/fastq/SRR491/SRR491068/SRR491068.fastq.gz	SRR491068.fastq.gz	SRR491068_GSM922253_hESC_passage_10_-Cell_4_Homo_sapiens_RNA-Seq.fastq.gz
hESCpassage_0_Cell_8	hESC_p0	primed_p0	SRR491043	GSM922228: hESC passage#0 -Cell#8; Homo sapiens; RNA-Seq	Illumina HiSeq 2000	29724	1.37628E+12	ftp://ftp-trace.ncbi.nlm.nih.gov/sra/sra-instant/reads/ByRun/sra/SRR/SRR491/SRR491043/SRR491043.sra	SRR491043.sra	SRR491043_GSM922228_hESC_passage_0_-Cell_8_Homo_sapiens_RNA-Seq.sra	ftp://ftp.sra.ebi.ac.uk/vol1/fastq/SRR491/SRR491043/SRR491043.fastq.gz	era-fasp@fasp.sra.ebi.ac.uk:vol1/fastq/SRR491/SRR491043/SRR491043.fastq.gz	SRR491043.fastq.gz	SRR491043_GSM922228_hESC_passage_0_-Cell_8_Homo_sapiens_RNA-Seq.fastq.gz
hESCpassage_10_Cell_2	hESC_p10	primed	SRR491066	GSM922251: hESC passage#10 -Cell#2; Homo sapiens; RNA-Seq	Illumina HiSeq 2000	42110	1.37628E+12	ftp://ftp-trace.ncbi.nlm.nih.gov/sra/sra-instant/reads/ByRun/sra/SRR/SRR491/SRR491066/SRR491066.sra	SRR491066.sra	SRR491066_GSM922251_hESC_passage_10_-Cell_2_Homo_sapiens_RNA-Seq.sra	ftp://ftp.sra.ebi.ac.uk/vol1/fastq/SRR491/SRR491066/SRR491066.fastq.gz	era-fasp@fasp.sra.ebi.ac.uk:vol1/fastq/SRR491/SRR491066/SRR491066.fastq.gz	SRR491066.fastq.gz	SRR491066_GSM922251_hESC_passage_10_-Cell_2_Homo_sapiens_RNA-Seq.fastq.gz
hESCpassage_10_Cell_3	hESC_p10	primed	SRR491067	GSM922252: hESC passage#10 -Cell#3; Homo sapiens; RNA-Seq	Illumina HiSeq 2000	34818	1.37628E+12	ftp://ftp-trace.ncbi.nlm.nih.gov/sra/sra-instant/reads/ByRun/sra/SRR/SRR491/SRR491067/SRR491067.sra	SRR491067.sra	SRR491067_GSM922252_hESC_passage_10_-Cell_3_Homo_sapiens_RNA-Seq.sra	ftp://ftp.sra.ebi.ac.uk/vol1/fastq/SRR491/SRR491067/SRR491067.fastq.gz	era-fasp@fasp.sra.ebi.ac.uk:vol1/fastq/SRR491/SRR491067/SRR491067.fastq.gz	SRR491067.fastq.gz	SRR491067_GSM922252_hESC_passage_10_-Cell_3_Homo_sapiens_RNA-Seq.fastq.gz
hESCpassage_0_Cell_10	hESC_p0	primed_p0	SRR491045	GSM922230: hESC passage#0 -Cell#10; Homo sapiens; RNA-Seq	Illumina HiSeq 2000	20336	1.37628E+12	ftp://ftp-trace.ncbi.nlm.nih.gov/sra/sra-instant/reads/ByRun/sra/SRR/SRR491/SRR491045/SRR491045.sra	SRR491045.sra	SRR491045_GSM922230_hESC_passage_0_-Cell_10_Homo_sapiens_RNA-Seq.sra	ftp://ftp.sra.ebi.ac.uk/vol1/fastq/SRR491/SRR491045/SRR491045.fastq.gz	era-fasp@fasp.sra.ebi.ac.uk:vol1/fastq/SRR491/SRR491045/SRR491045.fastq.gz	SRR491045.fastq.gz	SRR491045_GSM922230_hESC_passage_0_-Cell_10_Homo_sapiens_RNA-Seq.fastq.gz
hESCpassage_10_Cell_1	hESC_p10	primed	SRR491065	GSM922250: hESC passage#10 -Cell#1; Homo sapiens; RNA-Seq	Illumina HiSeq 2000	42011	1.37628E+12	ftp://ftp-trace.ncbi.nlm.nih.gov/sra/sra-instant/reads/ByRun/sra/SRR/SRR491/SRR491065/SRR491065.sra	SRR491065.sra	SRR491065_GSM922250_hESC_passage_10_-Cell_1_Homo_sapiens_RNA-Seq.sra	ftp://ftp.sra.ebi.ac.uk/vol1/fastq/SRR491/SRR491065/SRR491065.fastq.gz	era-fasp@fasp.sra.ebi.ac.uk:vol1/fastq/SRR491/SRR491065/SRR491065.fastq.gz	SRR491065.fastq.gz	SRR491065_GSM922250_hESC_passage_10_-Cell_1_Homo_sapiens_RNA-Seq.fastq.gz
hESCpassage_10_Cell_6	hESC_p10	primed	SRR491070	GSM922255: hESC passage#10 -Cell#6; Homo sapiens; RNA-Seq	Illumina HiSeq 2000	33067	1.37628E+12	ftp://ftp-trace.ncbi.nlm.nih.gov/sra/sra-instant/reads/ByRun/sra/SRR/SRR491/SRR491070/SRR491070.sra	SRR491070.sra	SRR491070_GSM922255_hESC_passage_10_-Cell_6_Homo_sapiens_RNA-Seq.sra	ftp://ftp.sra.ebi.ac.uk/vol1/fastq/SRR491/SRR491070/SRR491070.fastq.gz	era-fasp@fasp.sra.ebi.ac.uk:vol1/fastq/SRR491/SRR491070/SRR491070.fastq.gz	SRR491070.fastq.gz	SRR491070_GSM922255_hESC_passage_10_-Cell_6_Homo_sapiens_RNA-Seq.fastq.gz
hESCpassage_10_Cell_5	hESC_p10	primed	SRR491069	GSM922254: hESC passage#10 -Cell#5; Homo sapiens; RNA-Seq	Illumina HiSeq 2000	35782	1.37628E+12	ftp://ftp-trace.ncbi.nlm.nih.gov/sra/sra-instant/reads/ByRun/sra/SRR/SRR491/SRR491069/SRR491069.sra	SRR491069.sra	SRR491069_GSM922254_hESC_passage_10_-Cell_5_Homo_sapiens_RNA-Seq.sra	ftp://ftp.sra.ebi.ac.uk/vol1/fastq/SRR491/SRR491069/SRR491069.fastq.gz	era-fasp@fasp.sra.ebi.ac.uk:vol1/fastq/SRR491/SRR491069/SRR491069.fastq.gz	SRR491069.fastq.gz	SRR491069_GSM922254_hESC_passage_10_-Cell_5_Homo_sapiens_RNA-Seq.fastq.gz
hESCpassage_10_Cell_10	hESC_p10	primed	SRR491074	GSM922259: hESC passage#10 -Cell#10; Homo sapiens; RNA-Seq	Illumina HiSeq 2000	33946	1.37628E+12	ftp://ftp-trace.ncbi.nlm.nih.gov/sra/sra-instant/reads/ByRun/sra/SRR/SRR491/SRR491074/SRR491074.sra	SRR491074.sra	SRR491074_GSM922259_hESC_passage_10_-Cell_10_Homo_sapiens_RNA-Seq.sra	ftp://ftp.sra.ebi.ac.uk/vol1/fastq/SRR491/SRR491074/SRR491074.fastq.gz	era-fasp@fasp.sra.ebi.ac.uk:vol1/fastq/SRR491/SRR491074/SRR491074.fastq.gz	SRR491074.fastq.gz	SRR491074_GSM922259_hESC_passage_10_-Cell_10_Homo_sapiens_RNA-Seq.fastq.gz
hESCpassage_10_Cell_7	hESC_p10	primed	SRR491071	GSM922256: hESC passage#10 -Cell#7; Homo sapiens; RNA-Seq	Illumina HiSeq 2000	27620	1.37628E+12	ftp://ftp-trace.ncbi.nlm.nih.gov/sra/sra-instant/reads/ByRun/sra/SRR/SRR491/SRR491071/SRR491071.sra	SRR491071.sra	SRR491071_GSM922256_hESC_passage_10_-Cell_7_Homo_sapiens_RNA-Seq.sra	ftp://ftp.sra.ebi.ac.uk/vol1/fastq/SRR491/SRR491071/SRR491071.fastq.gz	era-fasp@fasp.sra.ebi.ac.uk:vol1/fastq/SRR491/SRR491071/SRR491071.fastq.gz	SRR491071.fastq.gz	SRR491071_GSM922256_hESC_passage_10_-Cell_7_Homo_sapiens_RNA-Seq.fastq.gz
hESCpassage_10_Cell_8	hESC_p10	primed	SRR491072	GSM922257: hESC passage#10 -Cell#8; Homo sapiens; RNA-Seq	Illumina HiSeq 2000	24893	1.37628E+12	ftp://ftp-trace.ncbi.nlm.nih.gov/sra/sra-instant/reads/ByRun/sra/SRR/SRR491/SRR491072/SRR491072.sra	SRR491072.sra	SRR491072_GSM922257_hESC_passage_10_-Cell_8_Homo_sapiens_RNA-Seq.sra	ftp://ftp.sra.ebi.ac.uk/vol1/fastq/SRR491/SRR491072/SRR491072.fastq.gz	era-fasp@fasp.sra.ebi.ac.uk:vol1/fastq/SRR491/SRR491072/SRR491072.fastq.gz	SRR491072.fastq.gz	SRR491072_GSM922257_hESC_passage_10_-Cell_8_Homo_sapiens_RNA-Seq.fastq.gz
hESCpassage_10_Cell_9	hESC_p10	primed	SRR491073	GSM922258: hESC passage#10 -Cell#9; Homo sapiens; RNA-Seq	Illumina HiSeq 2000	32281	1.37628E+12	ftp://ftp-trace.ncbi.nlm.nih.gov/sra/sra-instant/reads/ByRun/sra/SRR/SRR491/SRR491073/SRR491073.sra	SRR491073.sra	SRR491073_GSM922258_hESC_passage_10_-Cell_9_Homo_sapiens_RNA-Seq.sra	ftp://ftp.sra.ebi.ac.uk/vol1/fastq/SRR491/SRR491073/SRR491073.fastq.gz	era-fasp@fasp.sra.ebi.ac.uk:vol1/fastq/SRR491/SRR491073/SRR491073.fastq.gz	SRR491073.fastq.gz	SRR491073_GSM922258_hESC_passage_10_-Cell_9_Homo_sapiens_RNA-Seq.fastq.gz
hESCpassage_10_Cell_13	hESC_p10	primed	SRR491077	GSM922262: hESC passage#10 -Cell#13; Homo sapiens; RNA-Seq	Illumina HiSeq 2000	31140	1.37628E+12	ftp://ftp-trace.ncbi.nlm.nih.gov/sra/sra-instant/reads/ByRun/sra/SRR/SRR491/SRR491077/SRR491077.sra	SRR491077.sra	SRR491077_GSM922262_hESC_passage_10_-Cell_13_Homo_sapiens_RNA-Seq.sra	ftp://ftp.sra.ebi.ac.uk/vol1/fastq/SRR491/SRR491077/SRR491077.fastq.gz	era-fasp@fasp.sra.ebi.ac.uk:vol1/fastq/SRR491/SRR491077/SRR491077.fastq.gz	SRR491077.fastq.gz	SRR491077_GSM922262_hESC_passage_10_-Cell_13_Homo_sapiens_RNA-Seq.fastq.gz
hESCpassage_10_Cell_12	hESC_p10	primed	SRR491076	GSM922261: hESC passage#10 -Cell#12; Homo sapiens; RNA-Seq	Illumina HiSeq 2000	33716	1.37628E+12	ftp://ftp-trace.ncbi.nlm.nih.gov/sra/sra-instant/reads/ByRun/sra/SRR/SRR491/SRR491076/SRR491076.sra	SRR491076.sra	SRR491076_GSM922261_hESC_passage_10_-Cell_12_Homo_sapiens_RNA-Seq.sra	ftp://ftp.sra.ebi.ac.uk/vol1/fastq/SRR491/SRR491076/SRR491076.fastq.gz	era-fasp@fasp.sra.ebi.ac.uk:vol1/fastq/SRR491/SRR491076/SRR491076.fastq.gz	SRR491076.fastq.gz	SRR491076_GSM922261_hESC_passage_10_-Cell_12_Homo_sapiens_RNA-Seq.fastq.gz
hESCpassage_10_Cell_11	hESC_p10	primed	SRR491075	GSM922260: hESC passage#10 -Cell#11; Homo sapiens; RNA-Seq	Illumina HiSeq 2000	38821	1.37628E+12	ftp://ftp-trace.ncbi.nlm.nih.gov/sra/sra-instant/reads/ByRun/sra/SRR/SRR491/SRR491075/SRR491075.sra	SRR491075.sra	SRR491075_GSM922260_hESC_passage_10_-Cell_11_Homo_sapiens_RNA-Seq.sra	ftp://ftp.sra.ebi.ac.uk/vol1/fastq/SRR491/SRR491075/SRR491075.fastq.gz	era-fasp@fasp.sra.ebi.ac.uk:vol1/fastq/SRR491/SRR491075/SRR491075.fastq.gz	SRR491075.fastq.gz	SRR491075_GSM922260_hESC_passage_10_-Cell_11_Homo_sapiens_RNA-Seq.fastq.gz
hESCpassage_10_Cell_14	hESC_p10	primed	SRR491078	GSM922263: hESC passage#10 -Cell#14; Homo sapiens; RNA-Seq	Illumina HiSeq 2000	28784	1.37628E+12	ftp://ftp-trace.ncbi.nlm.nih.gov/sra/sra-instant/reads/ByRun/sra/SRR/SRR491/SRR491078/SRR491078.sra	SRR491078.sra	SRR491078_GSM922263_hESC_passage_10_-Cell_14_Homo_sapiens_RNA-Seq.sra	ftp://ftp.sra.ebi.ac.uk/vol1/fastq/SRR491/SRR491078/SRR491078.fastq.gz	era-fasp@fasp.sra.ebi.ac.uk:vol1/fastq/SRR491/SRR491078/SRR491078.fastq.gz	SRR491078.fastq.gz	SRR491078_GSM922263_hESC_passage_10_-Cell_14_Homo_sapiens_RNA-Seq.fastq.gz
hESCpassage_10_Cell_16	hESC_p10	primed	SRR491080	GSM922265: hESC passage#10 -Cell#16; Homo sapiens; RNA-Seq	Illumina HiSeq 2000	35226	1.37628E+12	ftp://ftp-trace.ncbi.nlm.nih.gov/sra/sra-instant/reads/ByRun/sra/SRR/SRR491/SRR491080/SRR491080.sra	SRR491080.sra	SRR491080_GSM922265_hESC_passage_10_-Cell_16_Homo_sapiens_RNA-Seq.sra	ftp://ftp.sra.ebi.ac.uk/vol1/fastq/SRR491/SRR491080/SRR491080.fastq.gz	era-fasp@fasp.sra.ebi.ac.uk:vol1/fastq/SRR491/SRR491080/SRR491080.fastq.gz	SRR491080.fastq.gz	SRR491080_GSM922265_hESC_passage_10_-Cell_16_Homo_sapiens_RNA-Seq.fastq.gz
hESCpassage_10_Cell_15	hESC_p10	primed	SRR491079	GSM922264: hESC passage#10 -Cell#15; Homo sapiens; RNA-Seq	Illumina HiSeq 2000	28843	1.37628E+12	ftp://ftp-trace.ncbi.nlm.nih.gov/sra/sra-instant/reads/ByRun/sra/SRR/SRR491/SRR491079/SRR491079.sra	SRR491079.sra	SRR491079_GSM922264_hESC_passage_10_-Cell_15_Homo_sapiens_RNA-Seq.sra	ftp://ftp.sra.ebi.ac.uk/vol1/fastq/SRR491/SRR491079/SRR491079.fastq.gz	era-fasp@fasp.sra.ebi.ac.uk:vol1/fastq/SRR491/SRR491079/SRR491079.fastq.gz	SRR491079.fastq.gz	SRR491079_GSM922264_hESC_passage_10_-Cell_15_Homo_sapiens_RNA-Seq.fastq.gz
hESCpassage_10_Cell_19	hESC_p10	primed	SRR491083	GSM922268: hESC passage#10 -Cell#19; Homo sapiens; RNA-Seq	Illumina HiSeq 2000	36795	1.37628E+12	ftp://ftp-trace.ncbi.nlm.nih.gov/sra/sra-instant/reads/ByRun/sra/SRR/SRR491/SRR491083/SRR491083.sra	SRR491083.sra	SRR491083_GSM922268_hESC_passage_10_-Cell_19_Homo_sapiens_RNA-Seq.sra	ftp://ftp.sra.ebi.ac.uk/vol1/fastq/SRR491/SRR491083/SRR491083.fastq.gz	era-fasp@fasp.sra.ebi.ac.uk:vol1/fastq/SRR491/SRR491083/SRR491083.fastq.gz	SRR491083.fastq.gz	SRR491083_GSM922268_hESC_passage_10_-Cell_19_Homo_sapiens_RNA-Seq.fastq.gz
hESCpassage_10_Cell_17	hESC_p10	primed	SRR491081	GSM922266: hESC passage#10 -Cell#17; Homo sapiens; RNA-Seq	Illumina HiSeq 2000	30483	1.37628E+12	ftp://ftp-trace.ncbi.nlm.nih.gov/sra/sra-instant/reads/ByRun/sra/SRR/SRR491/SRR491081/SRR491081.sra	SRR491081.sra	SRR491081_GSM922266_hESC_passage_10_-Cell_17_Homo_sapiens_RNA-Seq.sra	ftp://ftp.sra.ebi.ac.uk/vol1/fastq/SRR491/SRR491081/SRR491081.fastq.gz	era-fasp@fasp.sra.ebi.ac.uk:vol1/fastq/SRR491/SRR491081/SRR491081.fastq.gz	SRR491081.fastq.gz	SRR491081_GSM922266_hESC_passage_10_-Cell_17_Homo_sapiens_RNA-Seq.fastq.gz
hESCpassage_10_Cell_18	hESC_p10	primed	SRR491082	GSM922267: hESC passage#10 -Cell#18; Homo sapiens; RNA-Seq	Illumina HiSeq 2000	37419	1.37628E+12	ftp://ftp-trace.ncbi.nlm.nih.gov/sra/sra-instant/reads/ByRun/sra/SRR/SRR491/SRR491082/SRR491082.sra	SRR491082.sra	SRR491082_GSM922267_hESC_passage_10_-Cell_18_Homo_sapiens_RNA-Seq.sra	ftp://ftp.sra.ebi.ac.uk/vol1/fastq/SRR491/SRR491082/SRR491082.fastq.gz	era-fasp@fasp.sra.ebi.ac.uk:vol1/fastq/SRR491/SRR491082/SRR491082.fastq.gz	SRR491082.fastq.gz	SRR491082_GSM922267_hESC_passage_10_-Cell_18_Homo_sapiens_RNA-Seq.fastq.gz
hESCpassage_10_Cell_20	hESC_p10	primed	SRR491084	GSM922269: hESC passage#10 -Cell#20; Homo sapiens; RNA-Seq	Illumina HiSeq 2000	29116	1.37628E+12	ftp://ftp-trace.ncbi.nlm.nih.gov/sra/sra-instant/reads/ByRun/sra/SRR/SRR491/SRR491084/SRR491084.sra	SRR491084.sra	SRR491084_GSM922269_hESC_passage_10_-Cell_20_Homo_sapiens_RNA-Seq.sra	ftp://ftp.sra.ebi.ac.uk/vol1/fastq/SRR491/SRR491084/SRR491084.fastq.gz	era-fasp@fasp.sra.ebi.ac.uk:vol1/fastq/SRR491/SRR491084/SRR491084.fastq.gz	SRR491084.fastq.gz	SRR491084_GSM922269_hESC_passage_10_-Cell_20_Homo_sapiens_RNA-Seq.fastq.gz
hESCpassage_10_Cell_21	hESC_p10	primed	SRR491085	GSM922270: hESC passage#10 -Cell#21; Homo sapiens; RNA-Seq	Illumina HiSeq 2000	30718	1.37628E+12	ftp://ftp-trace.ncbi.nlm.nih.gov/sra/sra-instant/reads/ByRun/sra/SRR/SRR491/SRR491085/SRR491085.sra	SRR491085.sra	SRR491085_GSM922270_hESC_passage_10_-Cell_21_Homo_sapiens_RNA-Seq.sra	ftp://ftp.sra.ebi.ac.uk/vol1/fastq/SRR491/SRR491085/SRR491085.fastq.gz	era-fasp@fasp.sra.ebi.ac.uk:vol1/fastq/SRR491/SRR491085/SRR491085.fastq.gz	SRR491085.fastq.gz	SRR491085_GSM922270_hESC_passage_10_-Cell_21_Homo_sapiens_RNA-Seq.fastq.gz
hESCpassage_10_Cell_22	hESC_p10	primed	SRR491086	GSM922271: hESC passage#10 -Cell#22; Homo sapiens; RNA-Seq	Illumina HiSeq 2000	26970	1.37628E+12	ftp://ftp-trace.ncbi.nlm.nih.gov/sra/sra-instant/reads/ByRun/sra/SRR/SRR491/SRR491086/SRR491086.sra	SRR491086.sra	SRR491086_GSM922271_hESC_passage_10_-Cell_22_Homo_sapiens_RNA-Seq.sra	ftp://ftp.sra.ebi.ac.uk/vol1/fastq/SRR491/SRR491086/SRR491086.fastq.gz	era-fasp@fasp.sra.ebi.ac.uk:vol1/fastq/SRR491/SRR491086/SRR491086.fastq.gz	SRR491086.fastq.gz	SRR491086_GSM922271_hESC_passage_10_-Cell_22_Homo_sapiens_RNA-Seq.fastq.gz
hESCpassage_10_Cell_25	hESC_p10	primed	SRR491089	GSM922274: hESC passage#10 -Cell#25; Homo sapiens; RNA-Seq	Illumina HiSeq 2000	31442	1.37628E+12	ftp://ftp-trace.ncbi.nlm.nih.gov/sra/sra-instant/reads/ByRun/sra/SRR/SRR491/SRR491089/SRR491089.sra	SRR491089.sra	SRR491089_GSM922274_hESC_passage_10_-Cell_25_Homo_sapiens_RNA-Seq.sra	ftp://ftp.sra.ebi.ac.uk/vol1/fastq/SRR491/SRR491089/SRR491089.fastq.gz	era-fasp@fasp.sra.ebi.ac.uk:vol1/fastq/SRR491/SRR491089/SRR491089.fastq.gz	SRR491089.fastq.gz	SRR491089_GSM922274_hESC_passage_10_-Cell_25_Homo_sapiens_RNA-Seq.fastq.gz
hESCpassage_10_Cell_24	hESC_p10	primed	SRR491088	GSM922273: hESC passage#10 -Cell#24; Homo sapiens; RNA-Seq	Illumina HiSeq 2000	31429	1.37628E+12	ftp://ftp-trace.ncbi.nlm.nih.gov/sra/sra-instant/reads/ByRun/sra/SRR/SRR491/SRR491088/SRR491088.sra	SRR491088.sra	SRR491088_GSM922273_hESC_passage_10_-Cell_24_Homo_sapiens_RNA-Seq.sra	ftp://ftp.sra.ebi.ac.uk/vol1/fastq/SRR491/SRR491088/SRR491088.fastq.gz	era-fasp@fasp.sra.ebi.ac.uk:vol1/fastq/SRR491/SRR491088/SRR491088.fastq.gz	SRR491088.fastq.gz	SRR491088_GSM922273_hESC_passage_10_-Cell_24_Homo_sapiens_RNA-Seq.fastq.gz
hESCpassage_10_Cell_23	hESC_p10	primed	SRR491087	GSM922272: hESC passage#10 -Cell#23; Homo sapiens; RNA-Seq	Illumina HiSeq 2000	34623	1.37628E+12	ftp://ftp-trace.ncbi.nlm.nih.gov/sra/sra-instant/reads/ByRun/sra/SRR/SRR491/SRR491087/SRR491087.sra	SRR491087.sra	SRR491087_GSM922272_hESC_passage_10_-Cell_23_Homo_sapiens_RNA-Seq.sra	ftp://ftp.sra.ebi.ac.uk/vol1/fastq/SRR491/SRR491087/SRR491087.fastq.gz	era-fasp@fasp.sra.ebi.ac.uk:vol1/fastq/SRR491/SRR491087/SRR491087.fastq.gz	SRR491087.fastq.gz	SRR491087_GSM922272_hESC_passage_10_-Cell_23_Homo_sapiens_RNA-Seq.fastq.gz
hESCpassage_10_Cell_26	hESC_p10	primed	SRR491090	GSM922275: hESC passage#10 -Cell#26; Homo sapiens; RNA-Seq	Illumina HiSeq 2000	26962	1.37628E+12	ftp://ftp-trace.ncbi.nlm.nih.gov/sra/sra-instant/reads/ByRun/sra/SRR/SRR491/SRR491090/SRR491090.sra	SRR491090.sra	SRR491090_GSM922275_hESC_passage_10_-Cell_26_Homo_sapiens_RNA-Seq.sra	ftp://ftp.sra.ebi.ac.uk/vol1/fastq/SRR491/SRR491090/SRR491090.fastq.gz	era-fasp@fasp.sra.ebi.ac.uk:vol1/fastq/SRR491/SRR491090/SRR491090.fastq.gz	SRR491090.fastq.gz	SRR491090_GSM922275_hESC_passage_10_-Cell_26_Homo_sapiens_RNA-Seq.fastq.gz
hESCpassage_0_Cell_6	hESC_p0	primed_p0	SRR491041	GSM922226: hESC passage#0 -Cell#6; Homo sapiens; RNA-Seq	Illumina HiSeq 2000	24407	1.37628E+12	ftp://ftp-trace.ncbi.nlm.nih.gov/sra/sra-instant/reads/ByRun/sra/SRR/SRR491/SRR491041/SRR491041.sra	SRR491041.sra	SRR491041_GSM922226_hESC_passage_0_-Cell_6_Homo_sapiens_RNA-Seq.sra	ftp://ftp.sra.ebi.ac.uk/vol1/fastq/SRR491/SRR491041/SRR491041.fastq.gz	era-fasp@fasp.sra.ebi.ac.uk:vol1/fastq/SRR491/SRR491041/SRR491041.fastq.gz	SRR491041.fastq.gz	SRR491041_GSM922226_hESC_passage_0_-Cell_6_Homo_sapiens_RNA-Seq.fastq.gz
Lateblastocyst_3_Cell_8	late_blastocyst	blastocyst	SRR491038	GSM922223: Late blastocyst #3 -Cell#8; Homo sapiens; RNA-Seq	Illumina HiSeq 2000	47513	1.37628E+12	ftp://ftp-trace.ncbi.nlm.nih.gov/sra/sra-instant/reads/ByRun/sra/SRR/SRR491/SRR491038/SRR491038.sra	SRR491038.sra	SRR491038_GSM922223_Late_blastocyst_3_-Cell_8_Homo_sapiens_RNA-Seq.sra	ftp://ftp.sra.ebi.ac.uk/vol1/fastq/SRR491/SRR491038/SRR491038.fastq.gz	era-fasp@fasp.sra.ebi.ac.uk:vol1/fastq/SRR491/SRR491038/SRR491038.fastq.gz	SRR491038.fastq.gz	SRR491038_GSM922223_Late_blastocyst_3_-Cell_8_Homo_sapiens_RNA-Seq.fastq.gz
hESCpassage_0_Cell_4	hESC_p0	primed_p0	SRR491039	GSM922224: hESC passage#0 -Cell#4; Homo sapiens; RNA-Seq	Illumina HiSeq 2000	27315	1.37628E+12	ftp://ftp-trace.ncbi.nlm.nih.gov/sra/sra-instant/reads/ByRun/sra/SRR/SRR491/SRR491039/SRR491039.sra	SRR491039.sra	SRR491039_GSM922224_hESC_passage_0_-Cell_4_Homo_sapiens_RNA-Seq.sra	ftp://ftp.sra.ebi.ac.uk/vol1/fastq/SRR491/SRR491039/SRR491039.fastq.gz	era-fasp@fasp.sra.ebi.ac.uk:vol1/fastq/SRR491/SRR491039/SRR491039.fastq.gz	SRR491039.fastq.gz	SRR491039_GSM922224_hESC_passage_0_-Cell_4_Homo_sapiens_RNA-Seq.fastq.gz
hESCpassage_0_Cell_5	hESC_p0	primed_p0	SRR491040	GSM922225: hESC passage#0 -Cell#5; Homo sapiens; RNA-Seq	Illumina HiSeq 2000	26677	1.37628E+12	ftp://ftp-trace.ncbi.nlm.nih.gov/sra/sra-instant/reads/ByRun/sra/SRR/SRR491/SRR491040/SRR491040.sra	SRR491040.sra	SRR491040_GSM922225_hESC_passage_0_-Cell_5_Homo_sapiens_RNA-Seq.sra	ftp://ftp.sra.ebi.ac.uk/vol1/fastq/SRR491/SRR491040/SRR491040.fastq.gz	era-fasp@fasp.sra.ebi.ac.uk:vol1/fastq/SRR491/SRR491040/SRR491040.fastq.gz	SRR491040.fastq.gz	SRR491040_GSM922225_hESC_passage_0_-Cell_5_Homo_sapiens_RNA-Seq.fastq.gz
Lateblastocyst_3_Cell_7	late_blastocyst	blastocyst	SRR491037	GSM922222: Late blastocyst #3 -Cell#7; Homo sapiens; RNA-Seq	Illumina HiSeq 2000	39392	1.37628E+12	ftp://ftp-trace.ncbi.nlm.nih.gov/sra/sra-instant/reads/ByRun/sra/SRR/SRR491/SRR491037/SRR491037.sra	SRR491037.sra	SRR491037_GSM922222_Late_blastocyst_3_-Cell_7_Homo_sapiens_RNA-Seq.sra	ftp://ftp.sra.ebi.ac.uk/vol1/fastq/SRR491/SRR491037/SRR491037.fastq.gz	era-fasp@fasp.sra.ebi.ac.uk:vol1/fastq/SRR491/SRR491037/SRR491037.fastq.gz	SRR491037.fastq.gz	SRR491037_GSM922222_Late_blastocyst_3_-Cell_7_Homo_sapiens_RNA-Seq.fastq.gz
hESCpassage_0_Cell_7	hESC_p0	primed_p0	SRR491042	GSM922227: hESC passage#0 -Cell#7; Homo sapiens; RNA-Seq	Illumina HiSeq 2000	19548	1.37628E+12	ftp://ftp-trace.ncbi.nlm.nih.gov/sra/sra-instant/reads/ByRun/sra/SRR/SRR491/SRR491042/SRR491042.sra	SRR491042.sra	SRR491042_GSM922227_hESC_passage_0_-Cell_7_Homo_sapiens_RNA-Seq.sra	ftp://ftp.sra.ebi.ac.uk/vol1/fastq/SRR491/SRR491042/SRR491042.fastq.gz	era-fasp@fasp.sra.ebi.ac.uk:vol1/fastq/SRR491/SRR491042/SRR491042.fastq.gz	SRR491042.fastq.gz	SRR491042_GSM922227_hESC_passage_0_-Cell_7_Homo_sapiens_RNA-Seq.fastq.gz
8_cellembryo_3_Cell_4	eight_cell	eight_cell	SRR490988	GSM922173: 8-cell embryo#3 -Cell#4; Homo sapiens; RNA-Seq	Illumina HiSeq 2000	48887	1.37628E+12	ftp://ftp-trace.ncbi.nlm.nih.gov/sra/sra-instant/reads/ByRun/sra/SRR/SRR490/SRR490988/SRR490988.sra	SRR490988.sra	SRR490988_GSM922173_8-cell_embryo_3_-Cell_4_Homo_sapiens_RNA-Seq.sra	ftp://ftp.sra.ebi.ac.uk/vol1/fastq/SRR490/SRR490988/SRR490988.fastq.gz	era-fasp@fasp.sra.ebi.ac.uk:vol1/fastq/SRR490/SRR490988/SRR490988.fastq.gz	SRR490988.fastq.gz	SRR490988_GSM922173_8-cell_embryo_3_-Cell_4_Homo_sapiens_RNA-Seq.fastq.gz
Morulae_1_Cell_1	morula	morula	SRR490993	GSM922178: Morulae #1 -Cell#1; Homo sapiens; RNA-Seq	Illumina HiSeq 2000	44585	1.37628E+12	ftp://ftp-trace.ncbi.nlm.nih.gov/sra/sra-instant/reads/ByRun/sra/SRR/SRR490/SRR490993/SRR490993.sra	SRR490993.sra	SRR490993_GSM922178_Morulae_1_-Cell_1_Homo_sapiens_RNA-Seq.sra	ftp://ftp.sra.ebi.ac.uk/vol1/fastq/SRR490/SRR490993/SRR490993.fastq.gz	era-fasp@fasp.sra.ebi.ac.uk:vol1/fastq/SRR490/SRR490993/SRR490993.fastq.gz	SRR490993.fastq.gz	SRR490993_GSM922178_Morulae_1_-Cell_1_Homo_sapiens_RNA-Seq.fastq.gz
8_cellembryo_2_Cell_8	eight_cell	eight_cell	SRR490984	GSM922169: 8-cell embryo#2 -Cell#8; Homo sapiens; RNA-Seq	Illumina HiSeq 2000	22365	1.37628E+12	ftp://ftp-trace.ncbi.nlm.nih.gov/sra/sra-instant/reads/ByRun/sra/SRR/SRR490/SRR490984/SRR490984.sra	SRR490984.sra	SRR490984_GSM922169_8-cell_embryo_2_-Cell_8_Homo_sapiens_RNA-Seq.sra	ftp://ftp.sra.ebi.ac.uk/vol1/fastq/SRR490/SRR490984/SRR490984.fastq.gz	era-fasp@fasp.sra.ebi.ac.uk:vol1/fastq/SRR490/SRR490984/SRR490984.fastq.gz	SRR490984.fastq.gz	SRR490984_GSM922169_8-cell_embryo_2_-Cell_8_Homo_sapiens_RNA-Seq.fastq.gz
8_cellembryo_3_Cell_7	eight_cell	eight_cell	SRR490991	GSM922176: 8-cell embryo#3 -Cell#7; Homo sapiens; RNA-Seq	Illumina HiSeq 2000	33545	1.37628E+12	ftp://ftp-trace.ncbi.nlm.nih.gov/sra/sra-instant/reads/ByRun/sra/SRR/SRR490/SRR490991/SRR490991.sra	SRR490991.sra	SRR490991_GSM922176_8-cell_embryo_3_-Cell_7_Homo_sapiens_RNA-Seq.sra	ftp://ftp.sra.ebi.ac.uk/vol1/fastq/SRR490/SRR490991/SRR490991.fastq.gz	era-fasp@fasp.sra.ebi.ac.uk:vol1/fastq/SRR490/SRR490991/SRR490991.fastq.gz	SRR490991.fastq.gz	SRR490991_GSM922176_8-cell_embryo_3_-Cell_7_Homo_sapiens_RNA-Seq.fastq.gz
8_cellembryo_3_Cell_5	eight_cell	eight_cell	SRR490989	GSM922174: 8-cell embryo#3 -Cell#5; Homo sapiens; RNA-Seq	Illumina HiSeq 2000	42851	1.37628E+12	ftp://ftp-trace.ncbi.nlm.nih.gov/sra/sra-instant/reads/ByRun/sra/SRR/SRR490/SRR490989/SRR490989.sra	SRR490989.sra	SRR490989_GSM922174_8-cell_embryo_3_-Cell_5_Homo_sapiens_RNA-Seq.sra	ftp://ftp.sra.ebi.ac.uk/vol1/fastq/SRR490/SRR490989/SRR490989.fastq.gz	era-fasp@fasp.sra.ebi.ac.uk:vol1/fastq/SRR490/SRR490989/SRR490989.fastq.gz	SRR490989.fastq.gz	SRR490989_GSM922174_8-cell_embryo_3_-Cell_5_Homo_sapiens_RNA-Seq.fastq.gz
8_cellembryo_3_Cell_2	eight_cell	eight_cell	SRR490986	GSM922171: 8-cell embryo#3 -Cell#2; Homo sapiens; RNA-Seq	Illumina HiSeq 2000	42244	1.37628E+12	ftp://ftp-trace.ncbi.nlm.nih.gov/sra/sra-instant/reads/ByRun/sra/SRR/SRR490/SRR490986/SRR490986.sra	SRR490986.sra	SRR490986_GSM922171_8-cell_embryo_3_-Cell_2_Homo_sapiens_RNA-Seq.sra	ftp://ftp.sra.ebi.ac.uk/vol1/fastq/SRR490/SRR490986/SRR490986.fastq.gz	era-fasp@fasp.sra.ebi.ac.uk:vol1/fastq/SRR490/SRR490986/SRR490986.fastq.gz	SRR490986.fastq.gz	SRR490986_GSM922171_8-cell_embryo_3_-Cell_2_Homo_sapiens_RNA-Seq.fastq.gz
8_cellembryo_3_Cell_1	eight_cell	eight_cell	SRR490985	GSM922170: 8-cell embryo#3 -Cell#1; Homo sapiens; RNA-Seq	Illumina HiSeq 2000	47990	1.37628E+12	ftp://ftp-trace.ncbi.nlm.nih.gov/sra/sra-instant/reads/ByRun/sra/SRR/SRR490/SRR490985/SRR490985.sra	SRR490985.sra	SRR490985_GSM922170_8-cell_embryo_3_-Cell_1_Homo_sapiens_RNA-Seq.sra	ftp://ftp.sra.ebi.ac.uk/vol1/fastq/SRR490/SRR490985/SRR490985.fastq.gz	era-fasp@fasp.sra.ebi.ac.uk:vol1/fastq/SRR490/SRR490985/SRR490985.fastq.gz	SRR490985.fastq.gz	SRR490985_GSM922170_8-cell_embryo_3_-Cell_1_Homo_sapiens_RNA-Seq.fastq.gz
8_cellembryo_2_Cell_7	eight_cell	eight_cell	SRR490983	GSM922168: 8-cell embryo#2 -Cell#7; Homo sapiens; RNA-Seq	Illumina HiSeq 2000	19793	1.37628E+12	ftp://ftp-trace.ncbi.nlm.nih.gov/sra/sra-instant/reads/ByRun/sra/SRR/SRR490/SRR490983/SRR490983.sra	SRR490983.sra	SRR490983_GSM922168_8-cell_embryo_2_-Cell_7_Homo_sapiens_RNA-Seq.sra	ftp://ftp.sra.ebi.ac.uk/vol1/fastq/SRR490/SRR490983/SRR490983.fastq.gz	era-fasp@fasp.sra.ebi.ac.uk:vol1/fastq/SRR490/SRR490983/SRR490983.fastq.gz	SRR490983.fastq.gz	SRR490983_GSM922168_8-cell_embryo_2_-Cell_7_Homo_sapiens_RNA-Seq.fastq.gz
8_cellembryo_3_Cell_8	eight_cell	eight_cell	SRR490992	GSM922177: 8-cell embryo#3 -Cell#8; Homo sapiens; RNA-Seq	Illumina HiSeq 2000	43263	1.37628E+12	ftp://ftp-trace.ncbi.nlm.nih.gov/sra/sra-instant/reads/ByRun/sra/SRR/SRR490/SRR490992/SRR490992.sra	SRR490992.sra	SRR490992_GSM922177_8-cell_embryo_3_-Cell_8_Homo_sapiens_RNA-Seq.sra	ftp://ftp.sra.ebi.ac.uk/vol1/fastq/SRR490/SRR490992/SRR490992.fastq.gz	era-fasp@fasp.sra.ebi.ac.uk:vol1/fastq/SRR490/SRR490992/SRR490992.fastq.gz	SRR490992.fastq.gz	SRR490992_GSM922177_8-cell_embryo_3_-Cell_8_Homo_sapiens_RNA-Seq.fastq.gz
8_cellembryo_3_Cell_3	eight_cell	eight_cell	SRR490987	GSM922172: 8-cell embryo#3 -Cell#3; Homo sapiens; RNA-Seq	Illumina HiSeq 2000	36090	1.37628E+12	ftp://ftp-trace.ncbi.nlm.nih.gov/sra/sra-instant/reads/ByRun/sra/SRR/SRR490/SRR490987/SRR490987.sra	SRR490987.sra	SRR490987_GSM922172_8-cell_embryo_3_-Cell_3_Homo_sapiens_RNA-Seq.sra	ftp://ftp.sra.ebi.ac.uk/vol1/fastq/SRR490/SRR490987/SRR490987.fastq.gz	era-fasp@fasp.sra.ebi.ac.uk:vol1/fastq/SRR490/SRR490987/SRR490987.fastq.gz	SRR490987.fastq.gz	SRR490987_GSM922172_8-cell_embryo_3_-Cell_3_Homo_sapiens_RNA-Seq.fastq.gz
Morulae_1_Cell_2	morula	morula	SRR490994	GSM922179: Morulae #1 -Cell#2; Homo sapiens; RNA-Seq	Illumina HiSeq 2000	28691	1.37628E+12	ftp://ftp-trace.ncbi.nlm.nih.gov/sra/sra-instant/reads/ByRun/sra/SRR/SRR490/SRR490994/SRR490994.sra	SRR490994.sra	SRR490994_GSM922179_Morulae_1_-Cell_2_Homo_sapiens_RNA-Seq.sra	ftp://ftp.sra.ebi.ac.uk/vol1/fastq/SRR490/SRR490994/SRR490994.fastq.gz	era-fasp@fasp.sra.ebi.ac.uk:vol1/fastq/SRR490/SRR490994/SRR490994.fastq.gz	SRR490994.fastq.gz	SRR490994_GSM922179_Morulae_1_-Cell_2_Homo_sapiens_RNA-Seq.fastq.gz
Morulae_1_Cell_6	morula	morula	SRR490998	GSM922183: Morulae #1 -Cell#6; Homo sapiens; RNA-Seq	Illumina HiSeq 2000	29490	1.37628E+12	ftp://ftp-trace.ncbi.nlm.nih.gov/sra/sra-instant/reads/ByRun/sra/SRR/SRR490/SRR490998/SRR490998.sra	SRR490998.sra	SRR490998_GSM922183_Morulae_1_-Cell_6_Homo_sapiens_RNA-Seq.sra	ftp://ftp.sra.ebi.ac.uk/vol1/fastq/SRR490/SRR490998/SRR490998.fastq.gz	era-fasp@fasp.sra.ebi.ac.uk:vol1/fastq/SRR490/SRR490998/SRR490998.fastq.gz	SRR490998.fastq.gz	SRR490998_GSM922183_Morulae_1_-Cell_6_Homo_sapiens_RNA-Seq.fastq.gz
Morulae_1_Cell_4	morula	morula	SRR490996	GSM922181: Morulae #1 -Cell#4; Homo sapiens; RNA-Seq	Illumina HiSeq 2000	39066	1.37628E+12	ftp://ftp-trace.ncbi.nlm.nih.gov/sra/sra-instant/reads/ByRun/sra/SRR/SRR490/SRR490996/SRR490996.sra	SRR490996.sra	SRR490996_GSM922181_Morulae_1_-Cell_4_Homo_sapiens_RNA-Seq.sra	ftp://ftp.sra.ebi.ac.uk/vol1/fastq/SRR490/SRR490996/SRR490996.fastq.gz	era-fasp@fasp.sra.ebi.ac.uk:vol1/fastq/SRR490/SRR490996/SRR490996.fastq.gz	SRR490996.fastq.gz	SRR490996_GSM922181_Morulae_1_-Cell_4_Homo_sapiens_RNA-Seq.fastq.gz
8_cellembryo_3_Cell_6	eight_cell	eight_cell	SRR490990	GSM922175: 8-cell embryo#3 -Cell#6; Homo sapiens; RNA-Seq	Illumina HiSeq 2000	47501	1.37628E+12	ftp://ftp-trace.ncbi.nlm.nih.gov/sra/sra-instant/reads/ByRun/sra/SRR/SRR490/SRR490990/SRR490990.sra	SRR490990.sra	SRR490990_GSM922175_8-cell_embryo_3_-Cell_6_Homo_sapiens_RNA-Seq.sra	ftp://ftp.sra.ebi.ac.uk/vol1/fastq/SRR490/SRR490990/SRR490990.fastq.gz	era-fasp@fasp.sra.ebi.ac.uk:vol1/fastq/SRR490/SRR490990/SRR490990.fastq.gz	SRR490990.fastq.gz	SRR490990_GSM922175_8-cell_embryo_3_-Cell_6_Homo_sapiens_RNA-Seq.fastq.gz
Morulae_1_Cell_7	morula	morula	SRR490999	GSM922184: Morulae #1 -Cell#7; Homo sapiens; RNA-Seq	Illumina HiSeq 2000	24327	1.37628E+12	ftp://ftp-trace.ncbi.nlm.nih.gov/sra/sra-instant/reads/ByRun/sra/SRR/SRR490/SRR490999/SRR490999.sra	SRR490999.sra	SRR490999_GSM922184_Morulae_1_-Cell_7_Homo_sapiens_RNA-Seq.sra	ftp://ftp.sra.ebi.ac.uk/vol1/fastq/SRR490/SRR490999/SRR490999.fastq.gz	era-fasp@fasp.sra.ebi.ac.uk:vol1/fastq/SRR490/SRR490999/SRR490999.fastq.gz	SRR490999.fastq.gz	SRR490999_GSM922184_Morulae_1_-Cell_7_Homo_sapiens_RNA-Seq.fastq.gz
Morulae_1_Cell_5	morula	morula	SRR490997	GSM922182: Morulae #1 -Cell#5; Homo sapiens; RNA-Seq	Illumina HiSeq 2000	33894	1.37628E+12	ftp://ftp-trace.ncbi.nlm.nih.gov/sra/sra-instant/reads/ByRun/sra/SRR/SRR490/SRR490997/SRR490997.sra	SRR490997.sra	SRR490997_GSM922182_Morulae_1_-Cell_5_Homo_sapiens_RNA-Seq.sra	ftp://ftp.sra.ebi.ac.uk/vol1/fastq/SRR490/SRR490997/SRR490997.fastq.gz	era-fasp@fasp.sra.ebi.ac.uk:vol1/fastq/SRR490/SRR490997/SRR490997.fastq.gz	SRR490997.fastq.gz	SRR490997_GSM922182_Morulae_1_-Cell_5_Homo_sapiens_RNA-Seq.fastq.gz
Morulae_1_Cell_3	morula	morula	SRR490995	GSM922180: Morulae #1 -Cell#3; Homo sapiens; RNA-Seq	Illumina HiSeq 2000	27851	1.37628E+12	ftp://ftp-trace.ncbi.nlm.nih.gov/sra/sra-instant/reads/ByRun/sra/SRR/SRR490/SRR490995/SRR490995.sra	SRR490995.sra	SRR490995_GSM922180_Morulae_1_-Cell_3_Homo_sapiens_RNA-Seq.sra	ftp://ftp.sra.ebi.ac.uk/vol1/fastq/SRR490/SRR490995/SRR490995.fastq.gz	era-fasp@fasp.sra.ebi.ac.uk:vol1/fastq/SRR490/SRR490995/SRR490995.fastq.gz	SRR490995.fastq.gz	SRR490995_GSM922180_Morulae_1_-Cell_3_Homo_sapiens_RNA-Seq.fastq.gz
2_cell_3_C1	two_cell	two_cell	SRR445728	GSM896813: 2-cell #3-C1; Homo sapiens; RNA-Seq	Illumina HiSeq 2000	48727	1.37628E+12	ftp://ftp-trace.ncbi.nlm.nih.gov/sra/sra-instant/reads/ByRun/sra/SRR/SRR445/SRR445728/SRR445728.sra	SRR445728.sra	SRR445728_GSM896813_2-cell_3-C1_Homo_sapiens_RNA-Seq.sra	ftp://ftp.sra.ebi.ac.uk/vol1/fastq/SRR445/SRR445728/SRR445728.fastq.gz	era-fasp@fasp.sra.ebi.ac.uk:vol1/fastq/SRR445/SRR445728/SRR445728.fastq.gz	SRR445728.fastq.gz	SRR445728_GSM896813_2-cell_3-C1_Homo_sapiens_RNA-Seq.fastq.gz
2_cell_2_C2	two_cell	two_cell	SRR445727	GSM896812: 2-cell #2-C2; Homo sapiens; RNA-Seq	Illumina HiSeq 2000	52519	1.37628E+12	ftp://ftp-trace.ncbi.nlm.nih.gov/sra/sra-instant/reads/ByRun/sra/SRR/SRR445/SRR445727/SRR445727.sra	SRR445727.sra	SRR445727_GSM896812_2-cell_2-C2_Homo_sapiens_RNA-Seq.sra	ftp://ftp.sra.ebi.ac.uk/vol1/fastq/SRR445/SRR445727/SRR445727.fastq.gz	era-fasp@fasp.sra.ebi.ac.uk:vol1/fastq/SRR445/SRR445727/SRR445727.fastq.gz	SRR445727.fastq.gz	SRR445727_GSM896812_2-cell_2-C2_Homo_sapiens_RNA-Seq.fastq.gz
Morulae_1_Cell_8	morula	morula	SRR491000	GSM922185: Morulae #1 -Cell#8; Homo sapiens; RNA-Seq	Illumina HiSeq 2000	29436	1.37628E+12	ftp://ftp-trace.ncbi.nlm.nih.gov/sra/sra-instant/reads/ByRun/sra/SRR/SRR491/SRR491000/SRR491000.sra	SRR491000.sra	SRR491000_GSM922185_Morulae_1_-Cell_8_Homo_sapiens_RNA-Seq.sra	ftp://ftp.sra.ebi.ac.uk/vol1/fastq/SRR491/SRR491000/SRR491000.fastq.gz	era-fasp@fasp.sra.ebi.ac.uk:vol1/fastq/SRR491/SRR491000/SRR491000.fastq.gz	SRR491000.fastq.gz	SRR491000_GSM922185_Morulae_1_-Cell_8_Homo_sapiens_RNA-Seq.fastq.gz
ESp0_1_C1	hESC_p0	primed_p0	SRR445730	GSM896815: ES p0#1-C1; Homo sapiens; RNA-Seq	Illumina HiSeq 2000	31187	1.37628E+12	ftp://ftp-trace.ncbi.nlm.nih.gov/sra/sra-instant/reads/ByRun/sra/SRR/SRR445/SRR445730/SRR445730.sra	SRR445730.sra	SRR445730_GSM896815_ES_p0_1-C1_Homo_sapiens_RNA-Seq.sra	ftp://ftp.sra.ebi.ac.uk/vol1/fastq/SRR445/SRR445730/SRR445730.fastq.gz	era-fasp@fasp.sra.ebi.ac.uk:vol1/fastq/SRR445/SRR445730/SRR445730.fastq.gz	SRR445730.fastq.gz	SRR445730_GSM896815_ES_p0_1-C1_Homo_sapiens_RNA-Seq.fastq.gz
2_cell_3_C2	two_cell	two_cell	SRR445729	GSM896814: 2-cell #3-C2; Homo sapiens; RNA-Seq	Illumina HiSeq 2000	59155	1.37628E+12	ftp://ftp-trace.ncbi.nlm.nih.gov/sra/sra-instant/reads/ByRun/sra/SRR/SRR445/SRR445729/SRR445729.sra	SRR445729.sra	SRR445729_GSM896814_2-cell_3-C2_Homo_sapiens_RNA-Seq.sra	ftp://ftp.sra.ebi.ac.uk/vol1/fastq/SRR445/SRR445729/SRR445729.fastq.gz	era-fasp@fasp.sra.ebi.ac.uk:vol1/fastq/SRR445/SRR445729/SRR445729.fastq.gz	SRR445729.fastq.gz	SRR445729_GSM896814_2-cell_3-C2_Homo_sapiens_RNA-Seq.fastq.gz
4_cellembryo_1_Cell_3	four_cell	four_cell	SRR490963	GSM922148: 4-cell embryo#1 -Cell#3; Homo sapiens; RNA-Seq	Illumina HiSeq 2000	47320	1.37628E+12	ftp://ftp-trace.ncbi.nlm.nih.gov/sra/sra-instant/reads/ByRun/sra/SRR/SRR490/SRR490963/SRR490963.sra	SRR490963.sra	SRR490963_GSM922148_4-cell_embryo_1_-Cell_3_Homo_sapiens_RNA-Seq.sra	ftp://ftp.sra.ebi.ac.uk/vol1/fastq/SRR490/SRR490963/SRR490963.fastq.gz	era-fasp@fasp.sra.ebi.ac.uk:vol1/fastq/SRR490/SRR490963/SRR490963.fastq.gz	SRR490963.fastq.gz	SRR490963_GSM922148_4-cell_embryo_1_-Cell_3_Homo_sapiens_RNA-Seq.fastq.gz
ESp0_1_C2	hESC_p0	primed_p0	SRR445731	GSM896816: ES p0#1-C2; Homo sapiens; RNA-Seq	Illumina HiSeq 2000	37288	1.37628E+12	ftp://ftp-trace.ncbi.nlm.nih.gov/sra/sra-instant/reads/ByRun/sra/SRR/SRR445/SRR445731/SRR445731.sra	SRR445731.sra	SRR445731_GSM896816_ES_p0_1-C2_Homo_sapiens_RNA-Seq.sra	ftp://ftp.sra.ebi.ac.uk/vol1/fastq/SRR445/SRR445731/SRR445731.fastq.gz	era-fasp@fasp.sra.ebi.ac.uk:vol1/fastq/SRR445/SRR445731/SRR445731.fastq.gz	SRR445731.fastq.gz	SRR445731_GSM896816_ES_p0_1-C2_Homo_sapiens_RNA-Seq.fastq.gz
4_cellembryo_1_Cell_2	four_cell	four_cell	SRR490962	GSM922147: 4-cell embryo#1 -Cell#2; Homo sapiens; RNA-Seq	Illumina HiSeq 2000	45583	1.37628E+12	ftp://ftp-trace.ncbi.nlm.nih.gov/sra/sra-instant/reads/ByRun/sra/SRR/SRR490/SRR490962/SRR490962.sra	SRR490962.sra	SRR490962_GSM922147_4-cell_embryo_1_-Cell_2_Homo_sapiens_RNA-Seq.sra	ftp://ftp.sra.ebi.ac.uk/vol1/fastq/SRR490/SRR490962/SRR490962.fastq.gz	era-fasp@fasp.sra.ebi.ac.uk:vol1/fastq/SRR490/SRR490962/SRR490962.fastq.gz	SRR490962.fastq.gz	SRR490962_GSM922147_4-cell_embryo_1_-Cell_2_Homo_sapiens_RNA-Seq.fastq.gz
4_cellembryo_1_Cell_1	four_cell	four_cell	SRR490961	GSM922146: 4-cell embryo#1 -Cell#1; Homo sapiens; RNA-Seq	Illumina HiSeq 2000	49128	1.37628E+12	ftp://ftp-trace.ncbi.nlm.nih.gov/sra/sra-instant/reads/ByRun/sra/SRR/SRR490/SRR490961/SRR490961.sra	SRR490961.sra	SRR490961_GSM922146_4-cell_embryo_1_-Cell_1_Homo_sapiens_RNA-Seq.sra	ftp://ftp.sra.ebi.ac.uk/vol1/fastq/SRR490/SRR490961/SRR490961.fastq.gz	era-fasp@fasp.sra.ebi.ac.uk:vol1/fastq/SRR490/SRR490961/SRR490961.fastq.gz	SRR490961.fastq.gz	SRR490961_GSM922146_4-cell_embryo_1_-Cell_1_Homo_sapiens_RNA-Seq.fastq.gz
4_cellembryo_1_Cell_4	four_cell	four_cell	SRR490964	GSM922149: 4-cell embryo#1 -Cell#4; Homo sapiens; RNA-Seq	Illumina HiSeq 2000	31651	1.37628E+12	ftp://ftp-trace.ncbi.nlm.nih.gov/sra/sra-instant/reads/ByRun/sra/SRR/SRR490/SRR490964/SRR490964.sra	SRR490964.sra	SRR490964_GSM922149_4-cell_embryo_1_-Cell_4_Homo_sapiens_RNA-Seq.sra	ftp://ftp.sra.ebi.ac.uk/vol1/fastq/SRR490/SRR490964/SRR490964.fastq.gz	era-fasp@fasp.sra.ebi.ac.uk:vol1/fastq/SRR490/SRR490964/SRR490964.fastq.gz	SRR490964.fastq.gz	SRR490964_GSM922149_4-cell_embryo_1_-Cell_4_Homo_sapiens_RNA-Seq.fastq.gz
4_cellembryo_2_Cell_1	four_cell	four_cell	SRR490965	GSM922150: 4-cell embryo#2 -Cell#1; Homo sapiens; RNA-Seq	Illumina HiSeq 2000	58021	1.37628E+12	ftp://ftp-trace.ncbi.nlm.nih.gov/sra/sra-instant/reads/ByRun/sra/SRR/SRR490/SRR490965/SRR490965.sra	SRR490965.sra	SRR490965_GSM922150_4-cell_embryo_2_-Cell_1_Homo_sapiens_RNA-Seq.sra	ftp://ftp.sra.ebi.ac.uk/vol1/fastq/SRR490/SRR490965/SRR490965.fastq.gz	era-fasp@fasp.sra.ebi.ac.uk:vol1/fastq/SRR490/SRR490965/SRR490965.fastq.gz	SRR490965.fastq.gz	SRR490965_GSM922150_4-cell_embryo_2_-Cell_1_Homo_sapiens_RNA-Seq.fastq.gz
Zygote_1_C1	zygote	zygote	SRR445721	GSM896806: Zygote #1-C1; Homo sapiens; RNA-Seq	Illumina HiSeq 2000	36528	1.37628E+12	ftp://ftp-trace.ncbi.nlm.nih.gov/sra/sra-instant/reads/ByRun/sra/SRR/SRR445/SRR445721/SRR445721.sra	SRR445721.sra	SRR445721_GSM896806_Zygote_1-C1_Homo_sapiens_RNA-Seq.sra	ftp://ftp.sra.ebi.ac.uk/vol1/fastq/SRR445/SRR445721/SRR445721.fastq.gz	era-fasp@fasp.sra.ebi.ac.uk:vol1/fastq/SRR445/SRR445721/SRR445721.fastq.gz	SRR445721.fastq.gz	SRR445721_GSM896806_Zygote_1-C1_Homo_sapiens_RNA-Seq.fastq.gz
4_cellembryo_2_Cell_2	four_cell	four_cell	SRR490966	GSM922151: 4-cell embryo#2 -Cell#2; Homo sapiens; RNA-Seq	Illumina HiSeq 2000	53971	1.37628E+12	ftp://ftp-trace.ncbi.nlm.nih.gov/sra/sra-instant/reads/ByRun/sra/SRR/SRR490/SRR490966/SRR490966.sra	SRR490966.sra	SRR490966_GSM922151_4-cell_embryo_2_-Cell_2_Homo_sapiens_RNA-Seq.sra	ftp://ftp.sra.ebi.ac.uk/vol1/fastq/SRR490/SRR490966/SRR490966.fastq.gz	era-fasp@fasp.sra.ebi.ac.uk:vol1/fastq/SRR490/SRR490966/SRR490966.fastq.gz	SRR490966.fastq.gz	SRR490966_GSM922151_4-cell_embryo_2_-Cell_2_Homo_sapiens_RNA-Seq.fastq.gz
Oocyte_1_C1	oocyte	oocyte	SRR445718	GSM896803: Oocyte #1-C1; Homo sapiens; RNA-Seq	Illumina HiSeq 2000	32944	1.37628E+12	ftp://ftp-trace.ncbi.nlm.nih.gov/sra/sra-instant/reads/ByRun/sra/SRR/SRR445/SRR445718/SRR445718.sra	SRR445718.sra	SRR445718_GSM896803_Oocyte_1-C1_Homo_sapiens_RNA-Seq.sra	ftp://ftp.sra.ebi.ac.uk/vol1/fastq/SRR445/SRR445718/SRR445718.fastq.gz	era-fasp@fasp.sra.ebi.ac.uk:vol1/fastq/SRR445/SRR445718/SRR445718.fastq.gz	SRR445718.fastq.gz	SRR445718_GSM896803_Oocyte_1-C1_Homo_sapiens_RNA-Seq.fastq.gz
Zygote_1_C3	zygote	zygote	SRR445723	GSM896808: Zygote #1-C3; Homo sapiens; RNA-Seq	Illumina HiSeq 2000	41057	1.37628E+12	ftp://ftp-trace.ncbi.nlm.nih.gov/sra/sra-instant/reads/ByRun/sra/SRR/SRR445/SRR445723/SRR445723.sra	SRR445723.sra	SRR445723_GSM896808_Zygote_1-C3_Homo_sapiens_RNA-Seq.sra	ftp://ftp.sra.ebi.ac.uk/vol1/fastq/SRR445/SRR445723/SRR445723.fastq.gz	era-fasp@fasp.sra.ebi.ac.uk:vol1/fastq/SRR445/SRR445723/SRR445723.fastq.gz	SRR445723.fastq.gz	SRR445723_GSM896808_Zygote_1-C3_Homo_sapiens_RNA-Seq.fastq.gz
Zygote_1_C2	zygote	zygote	SRR445722	GSM896807: Zygote #1-C2; Homo sapiens; RNA-Seq	Illumina HiSeq 2000	32865	1.37628E+12	ftp://ftp-trace.ncbi.nlm.nih.gov/sra/sra-instant/reads/ByRun/sra/SRR/SRR445/SRR445722/SRR445722.sra	SRR445722.sra	SRR445722_GSM896807_Zygote_1-C2_Homo_sapiens_RNA-Seq.sra	ftp://ftp.sra.ebi.ac.uk/vol1/fastq/SRR445/SRR445722/SRR445722.fastq.gz	era-fasp@fasp.sra.ebi.ac.uk:vol1/fastq/SRR445/SRR445722/SRR445722.fastq.gz	SRR445722.fastq.gz	SRR445722_GSM896807_Zygote_1-C2_Homo_sapiens_RNA-Seq.fastq.gz
Oocyte_1_C2	oocyte	oocyte	SRR445719	GSM896804: Oocyte #1-C2; Homo sapiens; RNA-Seq	Illumina HiSeq 2000	30691	1.37628E+12	ftp://ftp-trace.ncbi.nlm.nih.gov/sra/sra-instant/reads/ByRun/sra/SRR/SRR445/SRR445719/SRR445719.sra	SRR445719.sra	SRR445719_GSM896804_Oocyte_1-C2_Homo_sapiens_RNA-Seq.sra	ftp://ftp.sra.ebi.ac.uk/vol1/fastq/SRR445/SRR445719/SRR445719.fastq.gz	era-fasp@fasp.sra.ebi.ac.uk:vol1/fastq/SRR445/SRR445719/SRR445719.fastq.gz	SRR445719.fastq.gz	SRR445719_GSM896804_Oocyte_1-C2_Homo_sapiens_RNA-Seq.fastq.gz
Oocyte_1_C3	oocyte	oocyte	SRR445720	GSM896805: Oocyte #1-C3; Homo sapiens; RNA-Seq	Illumina HiSeq 2000	25553	1.37628E+12	ftp://ftp-trace.ncbi.nlm.nih.gov/sra/sra-instant/reads/ByRun/sra/SRR/SRR445/SRR445720/SRR445720.sra	SRR445720.sra	SRR445720_GSM896805_Oocyte_1-C3_Homo_sapiens_RNA-Seq.sra	ftp://ftp.sra.ebi.ac.uk/vol1/fastq/SRR445/SRR445720/SRR445720.fastq.gz	era-fasp@fasp.sra.ebi.ac.uk:vol1/fastq/SRR445/SRR445720/SRR445720.fastq.gz	SRR445720.fastq.gz	SRR445720_GSM896805_Oocyte_1-C3_Homo_sapiens_RNA-Seq.fastq.gz
2_cell_2_C1	two_cell	two_cell	SRR445726	GSM896811: 2-cell #2-C1; Homo sapiens; RNA-Seq	Illumina HiSeq 2000	49181	1.37628E+12	ftp://ftp-trace.ncbi.nlm.nih.gov/sra/sra-instant/reads/ByRun/sra/SRR/SRR445/SRR445726/SRR445726.sra	SRR445726.sra	SRR445726_GSM896811_2-cell_2-C1_Homo_sapiens_RNA-Seq.sra	ftp://ftp.sra.ebi.ac.uk/vol1/fastq/SRR445/SRR445726/SRR445726.fastq.gz	era-fasp@fasp.sra.ebi.ac.uk:vol1/fastq/SRR445/SRR445726/SRR445726.fastq.gz	SRR445726.fastq.gz	SRR445726_GSM896811_2-cell_2-C1_Homo_sapiens_RNA-Seq.fastq.gz
2_cell_1_C2	two_cell	two_cell	SRR445725	GSM896810: 2-cell #1-C2; Homo sapiens; RNA-Seq	Illumina HiSeq 2000	51955	1.37628E+12	ftp://ftp-trace.ncbi.nlm.nih.gov/sra/sra-instant/reads/ByRun/sra/SRR/SRR445/SRR445725/SRR445725.sra	SRR445725.sra	SRR445725_GSM896810_2-cell_1-C2_Homo_sapiens_RNA-Seq.sra	ftp://ftp.sra.ebi.ac.uk/vol1/fastq/SRR445/SRR445725/SRR445725.fastq.gz	era-fasp@fasp.sra.ebi.ac.uk:vol1/fastq/SRR445/SRR445725/SRR445725.fastq.gz	SRR445725.fastq.gz	SRR445725_GSM896810_2-cell_1-C2_Homo_sapiens_RNA-Seq.fastq.gz
2_cell_1_C1	two_cell	two_cell	SRR445724	GSM896809: 2-cell #1-C1; Homo sapiens; RNA-Seq	Illumina HiSeq 2000	50897	1.37628E+12	ftp://ftp-trace.ncbi.nlm.nih.gov/sra/sra-instant/reads/ByRun/sra/SRR/SRR445/SRR445724/SRR445724.sra	SRR445724.sra	SRR445724_GSM896809_2-cell_1-C1_Homo_sapiens_RNA-Seq.sra	ftp://ftp.sra.ebi.ac.uk/vol1/fastq/SRR445/SRR445724/SRR445724.fastq.gz	era-fasp@fasp.sra.ebi.ac.uk:vol1/fastq/SRR445/SRR445724/SRR445724.fastq.gz	SRR445724.fastq.gz	SRR445724_GSM896809_2-cell_1-C1_Homo_sapiens_RNA-Seq.fastq.gz
Morulae_2_Cell_1	morula	morula	SRR491001	GSM922186: Morulae #2 -Cell#1; Homo sapiens; RNA-Seq	Illumina HiSeq 2000	39038	1.37628E+12	ftp://ftp-trace.ncbi.nlm.nih.gov/sra/sra-instant/reads/ByRun/sra/SRR/SRR491/SRR491001/SRR491001.sra	SRR491001.sra	SRR491001_GSM922186_Morulae_2_-Cell_1_Homo_sapiens_RNA-Seq.sra	ftp://ftp.sra.ebi.ac.uk/vol1/fastq/SRR491/SRR491001/SRR491001.fastq.gz	era-fasp@fasp.sra.ebi.ac.uk:vol1/fastq/SRR491/SRR491001/SRR491001.fastq.gz	SRR491001.fastq.gz	SRR491001_GSM922186_Morulae_2_-Cell_1_Homo_sapiens_RNA-Seq.fastq.gz
Morulae_2_Cell_2	morula	morula	SRR491002	GSM922187: Morulae #2 -Cell#2; Homo sapiens; RNA-Seq	Illumina HiSeq 2000	37091	1.37628E+12	ftp://ftp-trace.ncbi.nlm.nih.gov/sra/sra-instant/reads/ByRun/sra/SRR/SRR491/SRR491002/SRR491002.sra	SRR491002.sra	SRR491002_GSM922187_Morulae_2_-Cell_2_Homo_sapiens_RNA-Seq.sra	ftp://ftp.sra.ebi.ac.uk/vol1/fastq/SRR491/SRR491002/SRR491002.fastq.gz	era-fasp@fasp.sra.ebi.ac.uk:vol1/fastq/SRR491/SRR491002/SRR491002.fastq.gz	SRR491002.fastq.gz	SRR491002_GSM922187_Morulae_2_-Cell_2_Homo_sapiens_RNA-Seq.fastq.gz
Morulae_2_Cell_5	morula	morula	SRR491005	GSM922190: Morulae #2 -Cell#5; Homo sapiens; RNA-Seq	Illumina HiSeq 2000	33699	1.37628E+12	ftp://ftp-trace.ncbi.nlm.nih.gov/sra/sra-instant/reads/ByRun/sra/SRR/SRR491/SRR491005/SRR491005.sra	SRR491005.sra	SRR491005_GSM922190_Morulae_2_-Cell_5_Homo_sapiens_RNA-Seq.sra	ftp://ftp.sra.ebi.ac.uk/vol1/fastq/SRR491/SRR491005/SRR491005.fastq.gz	era-fasp@fasp.sra.ebi.ac.uk:vol1/fastq/SRR491/SRR491005/SRR491005.fastq.gz	SRR491005.fastq.gz	SRR491005_GSM922190_Morulae_2_-Cell_5_Homo_sapiens_RNA-Seq.fastq.gz
Morulae_2_Cell_3	morula	morula	SRR491003	GSM922188: Morulae #2 -Cell#3; Homo sapiens; RNA-Seq	Illumina HiSeq 2000	25136	1.37628E+12	ftp://ftp-trace.ncbi.nlm.nih.gov/sra/sra-instant/reads/ByRun/sra/SRR/SRR491/SRR491003/SRR491003.sra	SRR491003.sra	SRR491003_GSM922188_Morulae_2_-Cell_3_Homo_sapiens_RNA-Seq.sra	ftp://ftp.sra.ebi.ac.uk/vol1/fastq/SRR491/SRR491003/SRR491003.fastq.gz	era-fasp@fasp.sra.ebi.ac.uk:vol1/fastq/SRR491/SRR491003/SRR491003.fastq.gz	SRR491003.fastq.gz	SRR491003_GSM922188_Morulae_2_-Cell_3_Homo_sapiens_RNA-Seq.fastq.gz
Morulae_2_Cell_4	morula	morula	SRR491004	GSM922189: Morulae #2 -Cell#4; Homo sapiens; RNA-Seq	Illumina HiSeq 2000	41042	1.37628E+12	ftp://ftp-trace.ncbi.nlm.nih.gov/sra/sra-instant/reads/ByRun/sra/SRR/SRR491/SRR491004/SRR491004.sra	SRR491004.sra	SRR491004_GSM922189_Morulae_2_-Cell_4_Homo_sapiens_RNA-Seq.sra	ftp://ftp.sra.ebi.ac.uk/vol1/fastq/SRR491/SRR491004/SRR491004.fastq.gz	era-fasp@fasp.sra.ebi.ac.uk:vol1/fastq/SRR491/SRR491004/SRR491004.fastq.gz	SRR491004.fastq.gz	SRR491004_GSM922189_Morulae_2_-Cell_4_Homo_sapiens_RNA-Seq.fastq.gz
Morulae_2_Cell_6	morula	morula	SRR491006	GSM922191: Morulae #2 -Cell#6; Homo sapiens; RNA-Seq	Illumina HiSeq 2000	36456	1.37628E+12	ftp://ftp-trace.ncbi.nlm.nih.gov/sra/sra-instant/reads/ByRun/sra/SRR/SRR491/SRR491006/SRR491006.sra	SRR491006.sra	SRR491006_GSM922191_Morulae_2_-Cell_6_Homo_sapiens_RNA-Seq.sra	ftp://ftp.sra.ebi.ac.uk/vol1/fastq/SRR491/SRR491006/SRR491006.fastq.gz	era-fasp@fasp.sra.ebi.ac.uk:vol1/fastq/SRR491/SRR491006/SRR491006.fastq.gz	SRR491006.fastq.gz	SRR491006_GSM922191_Morulae_2_-Cell_6_Homo_sapiens_RNA-Seq.fastq.gz
Morulae_2_Cell_7	morula	morula	SRR491007	GSM922192: Morulae #2 -Cell#7; Homo sapiens; RNA-Seq	Illumina HiSeq 2000	26736	1.37628E+12	ftp://ftp-trace.ncbi.nlm.nih.gov/sra/sra-instant/reads/ByRun/sra/SRR/SRR491/SRR491007/SRR491007.sra	SRR491007.sra	SRR491007_GSM922192_Morulae_2_-Cell_7_Homo_sapiens_RNA-Seq.sra	ftp://ftp.sra.ebi.ac.uk/vol1/fastq/SRR491/SRR491007/SRR491007.fastq.gz	era-fasp@fasp.sra.ebi.ac.uk:vol1/fastq/SRR491/SRR491007/SRR491007.fastq.gz	SRR491007.fastq.gz	SRR491007_GSM922192_Morulae_2_-Cell_7_Homo_sapiens_RNA-Seq.fastq.gz
Morulae_2_Cell_8	morula	morula	SRR491008	GSM922193: Morulae #2 -Cell#8; Homo sapiens; RNA-Seq	Illumina HiSeq 2000	36989	1.37628E+12	ftp://ftp-trace.ncbi.nlm.nih.gov/sra/sra-instant/reads/ByRun/sra/SRR/SRR491/SRR491008/SRR491008.sra	SRR491008.sra	SRR491008_GSM922193_Morulae_2_-Cell_8_Homo_sapiens_RNA-Seq.sra	ftp://ftp.sra.ebi.ac.uk/vol1/fastq/SRR491/SRR491008/SRR491008.fastq.gz	era-fasp@fasp.sra.ebi.ac.uk:vol1/fastq/SRR491/SRR491008/SRR491008.fastq.gz	SRR491008.fastq.gz	SRR491008_GSM922193_Morulae_2_-Cell_8_Homo_sapiens_RNA-Seq.fastq.gz
Lateblastocyst_1_Cell_1	late_blastocyst	late_blastocyst	SRR491009	GSM922194: Late blastocyst #1 -Cell#1; Homo sapiens; RNA-Seq	Illumina HiSeq 2000	44799	1.37628E+12	ftp://ftp-trace.ncbi.nlm.nih.gov/sra/sra-instant/reads/ByRun/sra/SRR/SRR491/SRR491009/SRR491009.sra	SRR491009.sra	SRR491009_GSM922194_Late_blastocyst_1_-Cell_1_Homo_sapiens_RNA-Seq.sra	ftp://ftp.sra.ebi.ac.uk/vol1/fastq/SRR491/SRR491009/SRR491009.fastq.gz	era-fasp@fasp.sra.ebi.ac.uk:vol1/fastq/SRR491/SRR491009/SRR491009.fastq.gz	SRR491009.fastq.gz	SRR491009_GSM922194_Late_blastocyst_1_-Cell_1_Homo_sapiens_RNA-Seq.fastq.gz
Lateblastocyst_1_Cell_2	late_blastocyst	late_blastocyst	SRR491010	GSM922195: Late blastocyst #1 -Cell#2; Homo sapiens; RNA-Seq	Illumina HiSeq 2000	21393	1.37628E+12	ftp://ftp-trace.ncbi.nlm.nih.gov/sra/sra-instant/reads/ByRun/sra/SRR/SRR491/SRR491010/SRR491010.sra	SRR491010.sra	SRR491010_GSM922195_Late_blastocyst_1_-Cell_2_Homo_sapiens_RNA-Seq.sra	ftp://ftp.sra.ebi.ac.uk/vol1/fastq/SRR491/SRR491010/SRR491010.fastq.gz	era-fasp@fasp.sra.ebi.ac.uk:vol1/fastq/SRR491/SRR491010/SRR491010.fastq.gz	SRR491010.fastq.gz	SRR491010_GSM922195_Late_blastocyst_1_-Cell_2_Homo_sapiens_RNA-Seq.fastq.gz
Lateblastocyst_1_Cell_4	late_blastocyst	late_blastocyst	SRR491012	GSM922197: Late blastocyst #1 -Cell#4; Homo sapiens; RNA-Seq	Illumina HiSeq 2000	36694	1.37628E+12	ftp://ftp-trace.ncbi.nlm.nih.gov/sra/sra-instant/reads/ByRun/sra/SRR/SRR491/SRR491012/SRR491012.sra	SRR491012.sra	SRR491012_GSM922197_Late_blastocyst_1_-Cell_4_Homo_sapiens_RNA-Seq.sra	ftp://ftp.sra.ebi.ac.uk/vol1/fastq/SRR491/SRR491012/SRR491012.fastq.gz	era-fasp@fasp.sra.ebi.ac.uk:vol1/fastq/SRR491/SRR491012/SRR491012.fastq.gz	SRR491012.fastq.gz	SRR491012_GSM922197_Late_blastocyst_1_-Cell_4_Homo_sapiens_RNA-Seq.fastq.gz
Lateblastocyst_1_Cell_3	late_blastocyst	late_blastocyst	SRR491011	GSM922196: Late blastocyst #1 -Cell#3; Homo sapiens; RNA-Seq	Illumina HiSeq 2000	33287	1.37628E+12	ftp://ftp-trace.ncbi.nlm.nih.gov/sra/sra-instant/reads/ByRun/sra/SRR/SRR491/SRR491011/SRR491011.sra	SRR491011.sra	SRR491011_GSM922196_Late_blastocyst_1_-Cell_3_Homo_sapiens_RNA-Seq.sra	ftp://ftp.sra.ebi.ac.uk/vol1/fastq/SRR491/SRR491011/SRR491011.fastq.gz	era-fasp@fasp.sra.ebi.ac.uk:vol1/fastq/SRR491/SRR491011/SRR491011.fastq.gz	SRR491011.fastq.gz	SRR491011_GSM922196_Late_blastocyst_1_-Cell_3_Homo_sapiens_RNA-Seq.fastq.gz
Lateblastocyst_1_Cell_5	late_blastocyst	late_blastocyst	SRR491013	GSM922198: Late blastocyst #1 -Cell#5; Homo sapiens; RNA-Seq	Illumina HiSeq 2000	33878	1.37628E+12	ftp://ftp-trace.ncbi.nlm.nih.gov/sra/sra-instant/reads/ByRun/sra/SRR/SRR491/SRR491013/SRR491013.sra	SRR491013.sra	SRR491013_GSM922198_Late_blastocyst_1_-Cell_5_Homo_sapiens_RNA-Seq.sra	ftp://ftp.sra.ebi.ac.uk/vol1/fastq/SRR491/SRR491013/SRR491013.fastq.gz	era-fasp@fasp.sra.ebi.ac.uk:vol1/fastq/SRR491/SRR491013/SRR491013.fastq.gz	SRR491013.fastq.gz	SRR491013_GSM922198_Late_blastocyst_1_-Cell_5_Homo_sapiens_RNA-Seq.fastq.gz
Lateblastocyst_2_Cell_6	late_blastocyst	late_blastocyst	SRR491026	GSM922211: Late blastocyst #2 -Cell#6; Homo sapiens; RNA-Seq	Illumina HiSeq 2000	27785	1.37628E+12	ftp://ftp-trace.ncbi.nlm.nih.gov/sra/sra-instant/reads/ByRun/sra/SRR/SRR491/SRR491026/SRR491026.sra	SRR491026.sra	SRR491026_GSM922211_Late_blastocyst_2_-Cell_6_Homo_sapiens_RNA-Seq.sra	ftp://ftp.sra.ebi.ac.uk/vol1/fastq/SRR491/SRR491026/SRR491026.fastq.gz	era-fasp@fasp.sra.ebi.ac.uk:vol1/fastq/SRR491/SRR491026/SRR491026.fastq.gz	SRR491026.fastq.gz	SRR491026_GSM922211_Late_blastocyst_2_-Cell_6_Homo_sapiens_RNA-Seq.fastq.gz
Lateblastocyst_2_Cell_8	late_blastocyst	late_blastocyst	SRR491028	GSM922213: Late blastocyst #2 -Cell#8; Homo sapiens; RNA-Seq	Illumina HiSeq 2000	22587	1.37628E+12	ftp://ftp-trace.ncbi.nlm.nih.gov/sra/sra-instant/reads/ByRun/sra/SRR/SRR491/SRR491028/SRR491028.sra	SRR491028.sra	SRR491028_GSM922213_Late_blastocyst_2_-Cell_8_Homo_sapiens_RNA-Seq.sra	ftp://ftp.sra.ebi.ac.uk/vol1/fastq/SRR491/SRR491028/SRR491028.fastq.gz	era-fasp@fasp.sra.ebi.ac.uk:vol1/fastq/SRR491/SRR491028/SRR491028.fastq.gz	SRR491028.fastq.gz	SRR491028_GSM922213_Late_blastocyst_2_-Cell_8_Homo_sapiens_RNA-Seq.fastq.gz
Lateblastocyst_2_Cell_9	late_blastocyst	late_blastocyst	SRR491029	GSM922214: Late blastocyst #2 -Cell#9; Homo sapiens; RNA-Seq	Illumina HiSeq 2000	34009	1.37628E+12	ftp://ftp-trace.ncbi.nlm.nih.gov/sra/sra-instant/reads/ByRun/sra/SRR/SRR491/SRR491029/SRR491029.sra	SRR491029.sra	SRR491029_GSM922214_Late_blastocyst_2_-Cell_9_Homo_sapiens_RNA-Seq.sra	ftp://ftp.sra.ebi.ac.uk/vol1/fastq/SRR491/SRR491029/SRR491029.fastq.gz	era-fasp@fasp.sra.ebi.ac.uk:vol1/fastq/SRR491/SRR491029/SRR491029.fastq.gz	SRR491029.fastq.gz	SRR491029_GSM922214_Late_blastocyst_2_-Cell_9_Homo_sapiens_RNA-Seq.fastq.gz
Lateblastocyst_2_Cell_5	late_blastocyst	late_blastocyst	SRR491025	GSM922210: Late blastocyst #2 -Cell#5; Homo sapiens; RNA-Seq	Illumina HiSeq 2000	25603	1.37628E+12	ftp://ftp-trace.ncbi.nlm.nih.gov/sra/sra-instant/reads/ByRun/sra/SRR/SRR491/SRR491025/SRR491025.sra	SRR491025.sra	SRR491025_GSM922210_Late_blastocyst_2_-Cell_5_Homo_sapiens_RNA-Seq.sra	ftp://ftp.sra.ebi.ac.uk/vol1/fastq/SRR491/SRR491025/SRR491025.fastq.gz	era-fasp@fasp.sra.ebi.ac.uk:vol1/fastq/SRR491/SRR491025/SRR491025.fastq.gz	SRR491025.fastq.gz	SRR491025_GSM922210_Late_blastocyst_2_-Cell_5_Homo_sapiens_RNA-Seq.fastq.gz
Lateblastocyst_2_Cell_3	late_blastocyst	late_blastocyst	SRR491023	GSM922208: Late blastocyst #2 -Cell#3; Homo sapiens; RNA-Seq	Illumina HiSeq 2000	23094	1.37628E+12	ftp://ftp-trace.ncbi.nlm.nih.gov/sra/sra-instant/reads/ByRun/sra/SRR/SRR491/SRR491023/SRR491023.sra	SRR491023.sra	SRR491023_GSM922208_Late_blastocyst_2_-Cell_3_Homo_sapiens_RNA-Seq.sra	ftp://ftp.sra.ebi.ac.uk/vol1/fastq/SRR491/SRR491023/SRR491023.fastq.gz	era-fasp@fasp.sra.ebi.ac.uk:vol1/fastq/SRR491/SRR491023/SRR491023.fastq.gz	SRR491023.fastq.gz	SRR491023_GSM922208_Late_blastocyst_2_-Cell_3_Homo_sapiens_RNA-Seq.fastq.gz
Lateblastocyst_1_Cell_9	late_blastocyst	late_blastocyst	SRR491017	GSM922202: Late blastocyst #1 -Cell#9; Homo sapiens; RNA-Seq	Illumina HiSeq 2000	53804	1.37628E+12	ftp://ftp-trace.ncbi.nlm.nih.gov/sra/sra-instant/reads/ByRun/sra/SRR/SRR491/SRR491017/SRR491017.sra	SRR491017.sra	SRR491017_GSM922202_Late_blastocyst_1_-Cell_9_Homo_sapiens_RNA-Seq.sra	ftp://ftp.sra.ebi.ac.uk/vol1/fastq/SRR491/SRR491017/SRR491017.fastq.gz	era-fasp@fasp.sra.ebi.ac.uk:vol1/fastq/SRR491/SRR491017/SRR491017.fastq.gz	SRR491017.fastq.gz	SRR491017_GSM922202_Late_blastocyst_1_-Cell_9_Homo_sapiens_RNA-Seq.fastq.gz
Lateblastocyst_3_Cell_6	late_blastocyst	late_blastocyst	SRR491036	GSM922221: Late blastocyst #3 -Cell#6; Homo sapiens; RNA-Seq	Illumina HiSeq 2000	37618	1.37628E+12	ftp://ftp-trace.ncbi.nlm.nih.gov/sra/sra-instant/reads/ByRun/sra/SRR/SRR491/SRR491036/SRR491036.sra	SRR491036.sra	SRR491036_GSM922221_Late_blastocyst_3_-Cell_6_Homo_sapiens_RNA-Seq.sra	ftp://ftp.sra.ebi.ac.uk/vol1/fastq/SRR491/SRR491036/SRR491036.fastq.gz	era-fasp@fasp.sra.ebi.ac.uk:vol1/fastq/SRR491/SRR491036/SRR491036.fastq.gz	SRR491036.fastq.gz	SRR491036_GSM922221_Late_blastocyst_3_-Cell_6_Homo_sapiens_RNA-Seq.fastq.gz
Lateblastocyst_1_Cell_11	late_blastocyst	late_blastocyst	SRR491019	GSM922204: Late blastocyst #1 -Cell#11; Homo sapiens; RNA-Seq	Illumina HiSeq 2000	18050	1.37628E+12	ftp://ftp-trace.ncbi.nlm.nih.gov/sra/sra-instant/reads/ByRun/sra/SRR/SRR491/SRR491019/SRR491019.sra	SRR491019.sra	SRR491019_GSM922204_Late_blastocyst_1_-Cell_11_Homo_sapiens_RNA-Seq.sra	ftp://ftp.sra.ebi.ac.uk/vol1/fastq/SRR491/SRR491019/SRR491019.fastq.gz	era-fasp@fasp.sra.ebi.ac.uk:vol1/fastq/SRR491/SRR491019/SRR491019.fastq.gz	SRR491019.fastq.gz	SRR491019_GSM922204_Late_blastocyst_1_-Cell_11_Homo_sapiens_RNA-Seq.fastq.gz
Lateblastocyst_2_Cell_1	late_blastocyst	late_blastocyst	SRR491021	GSM922206: Late blastocyst #2 -Cell#1; Homo sapiens; RNA-Seq	Illumina HiSeq 2000	29604	1.37628E+12	ftp://ftp-trace.ncbi.nlm.nih.gov/sra/sra-instant/reads/ByRun/sra/SRR/SRR491/SRR491021/SRR491021.sra	SRR491021.sra	SRR491021_GSM922206_Late_blastocyst_2_-Cell_1_Homo_sapiens_RNA-Seq.sra	ftp://ftp.sra.ebi.ac.uk/vol1/fastq/SRR491/SRR491021/SRR491021.fastq.gz	era-fasp@fasp.sra.ebi.ac.uk:vol1/fastq/SRR491/SRR491021/SRR491021.fastq.gz	SRR491021.fastq.gz	SRR491021_GSM922206_Late_blastocyst_2_-Cell_1_Homo_sapiens_RNA-Seq.fastq.gz
Lateblastocyst_1_Cell_8	late_blastocyst	late_blastocyst	SRR491016	GSM922201: Late blastocyst #1 -Cell#8; Homo sapiens; RNA-Seq	Illumina HiSeq 2000	28251	1.37628E+12	ftp://ftp-trace.ncbi.nlm.nih.gov/sra/sra-instant/reads/ByRun/sra/SRR/SRR491/SRR491016/SRR491016.sra	SRR491016.sra	SRR491016_GSM922201_Late_blastocyst_1_-Cell_8_Homo_sapiens_RNA-Seq.sra	ftp://ftp.sra.ebi.ac.uk/vol1/fastq/SRR491/SRR491016/SRR491016.fastq.gz	era-fasp@fasp.sra.ebi.ac.uk:vol1/fastq/SRR491/SRR491016/SRR491016.fastq.gz	SRR491016.fastq.gz	SRR491016_GSM922201_Late_blastocyst_1_-Cell_8_Homo_sapiens_RNA-Seq.fastq.gz
Lateblastocyst_2_Cell_10	late_blastocyst	late_blastocyst	SRR491030	GSM922215: Late blastocyst #2 -Cell#10; Homo sapiens; RNA-Seq	Illumina HiSeq 2000	34769	1.37628E+12	ftp://ftp-trace.ncbi.nlm.nih.gov/sra/sra-instant/reads/ByRun/sra/SRR/SRR491/SRR491030/SRR491030.sra	SRR491030.sra	SRR491030_GSM922215_Late_blastocyst_2_-Cell_10_Homo_sapiens_RNA-Seq.sra	ftp://ftp.sra.ebi.ac.uk/vol1/fastq/SRR491/SRR491030/SRR491030.fastq.gz	era-fasp@fasp.sra.ebi.ac.uk:vol1/fastq/SRR491/SRR491030/SRR491030.fastq.gz	SRR491030.fastq.gz	SRR491030_GSM922215_Late_blastocyst_2_-Cell_10_Homo_sapiens_RNA-Seq.fastq.gz
Lateblastocyst_3_Cell_4	late_blastocyst	late_blastocyst	SRR491034	GSM922219: Late blastocyst #3 -Cell#4; Homo sapiens; RNA-Seq	Illumina HiSeq 2000	36973	1.37628E+12	ftp://ftp-trace.ncbi.nlm.nih.gov/sra/sra-instant/reads/ByRun/sra/SRR/SRR491/SRR491034/SRR491034.sra	SRR491034.sra	SRR491034_GSM922219_Late_blastocyst_3_-Cell_4_Homo_sapiens_RNA-Seq.sra	ftp://ftp.sra.ebi.ac.uk/vol1/fastq/SRR491/SRR491034/SRR491034.fastq.gz	era-fasp@fasp.sra.ebi.ac.uk:vol1/fastq/SRR491/SRR491034/SRR491034.fastq.gz	SRR491034.fastq.gz	SRR491034_GSM922219_Late_blastocyst_3_-Cell_4_Homo_sapiens_RNA-Seq.fastq.gz
Lateblastocyst_1_Cell_6	late_blastocyst	late_blastocyst	SRR491014	GSM922199: Late blastocyst #1 -Cell#6; Homo sapiens; RNA-Seq	Illumina HiSeq 2000	24178	1.37628E+12	ftp://ftp-trace.ncbi.nlm.nih.gov/sra/sra-instant/reads/ByRun/sra/SRR/SRR491/SRR491014/SRR491014.sra	SRR491014.sra	SRR491014_GSM922199_Late_blastocyst_1_-Cell_6_Homo_sapiens_RNA-Seq.sra	ftp://ftp.sra.ebi.ac.uk/vol1/fastq/SRR491/SRR491014/SRR491014.fastq.gz	era-fasp@fasp.sra.ebi.ac.uk:vol1/fastq/SRR491/SRR491014/SRR491014.fastq.gz	SRR491014.fastq.gz	SRR491014_GSM922199_Late_blastocyst_1_-Cell_6_Homo_sapiens_RNA-Seq.fastq.gz
Lateblastocyst_3_Cell_1	late_blastocyst	late_blastocyst	SRR491031	GSM922216: Late blastocyst #3 -Cell#1; Homo sapiens; RNA-Seq	Illumina HiSeq 2000	49011	1.37628E+12	ftp://ftp-trace.ncbi.nlm.nih.gov/sra/sra-instant/reads/ByRun/sra/SRR/SRR491/SRR491031/SRR491031.sra	SRR491031.sra	SRR491031_GSM922216_Late_blastocyst_3_-Cell_1_Homo_sapiens_RNA-Seq.sra	ftp://ftp.sra.ebi.ac.uk/vol1/fastq/SRR491/SRR491031/SRR491031.fastq.gz	era-fasp@fasp.sra.ebi.ac.uk:vol1/fastq/SRR491/SRR491031/SRR491031.fastq.gz	SRR491031.fastq.gz	SRR491031_GSM922216_Late_blastocyst_3_-Cell_1_Homo_sapiens_RNA-Seq.fastq.gz
Lateblastocyst_2_Cell_7	late_blastocyst	late_blastocyst	SRR491027	GSM922212: Late blastocyst #2 -Cell#7; Homo sapiens; RNA-Seq	Illumina HiSeq 2000	18508	1.37628E+12	ftp://ftp-trace.ncbi.nlm.nih.gov/sra/sra-instant/reads/ByRun/sra/SRR/SRR491/SRR491027/SRR491027.sra	SRR491027.sra	SRR491027_GSM922212_Late_blastocyst_2_-Cell_7_Homo_sapiens_RNA-Seq.sra	ftp://ftp.sra.ebi.ac.uk/vol1/fastq/SRR491/SRR491027/SRR491027.fastq.gz	era-fasp@fasp.sra.ebi.ac.uk:vol1/fastq/SRR491/SRR491027/SRR491027.fastq.gz	SRR491027.fastq.gz	SRR491027_GSM922212_Late_blastocyst_2_-Cell_7_Homo_sapiens_RNA-Seq.fastq.gz
Lateblastocyst_3_Cell_3	late_blastocyst	late_blastocyst	SRR491033	GSM922218: Late blastocyst #3 -Cell#3; Homo sapiens; RNA-Seq	Illumina HiSeq 2000	29964	1.37628E+12	ftp://ftp-trace.ncbi.nlm.nih.gov/sra/sra-instant/reads/ByRun/sra/SRR/SRR491/SRR491033/SRR491033.sra	SRR491033.sra	SRR491033_GSM922218_Late_blastocyst_3_-Cell_3_Homo_sapiens_RNA-Seq.sra	ftp://ftp.sra.ebi.ac.uk/vol1/fastq/SRR491/SRR491033/SRR491033.fastq.gz	era-fasp@fasp.sra.ebi.ac.uk:vol1/fastq/SRR491/SRR491033/SRR491033.fastq.gz	SRR491033.fastq.gz	SRR491033_GSM922218_Late_blastocyst_3_-Cell_3_Homo_sapiens_RNA-Seq.fastq.gz
Lateblastocyst_2_Cell_2	late_blastocyst	late_blastocyst	SRR491022	GSM922207: Late blastocyst #2 -Cell#2; Homo sapiens; RNA-Seq	Illumina HiSeq 2000	28530	1.37628E+12	ftp://ftp-trace.ncbi.nlm.nih.gov/sra/sra-instant/reads/ByRun/sra/SRR/SRR491/SRR491022/SRR491022.sra	SRR491022.sra	SRR491022_GSM922207_Late_blastocyst_2_-Cell_2_Homo_sapiens_RNA-Seq.sra	ftp://ftp.sra.ebi.ac.uk/vol1/fastq/SRR491/SRR491022/SRR491022.fastq.gz	era-fasp@fasp.sra.ebi.ac.uk:vol1/fastq/SRR491/SRR491022/SRR491022.fastq.gz	SRR491022.fastq.gz	SRR491022_GSM922207_Late_blastocyst_2_-Cell_2_Homo_sapiens_RNA-Seq.fastq.gz
Lateblastocyst_1_Cell_10	late_blastocyst	late_blastocyst	SRR491018	GSM922203: Late blastocyst #1 -Cell#10; Homo sapiens; RNA-Seq	Illumina HiSeq 2000	26834	1.37628E+12	ftp://ftp-trace.ncbi.nlm.nih.gov/sra/sra-instant/reads/ByRun/sra/SRR/SRR491/SRR491018/SRR491018.sra	SRR491018.sra	SRR491018_GSM922203_Late_blastocyst_1_-Cell_10_Homo_sapiens_RNA-Seq.sra	ftp://ftp.sra.ebi.ac.uk/vol1/fastq/SRR491/SRR491018/SRR491018.fastq.gz	era-fasp@fasp.sra.ebi.ac.uk:vol1/fastq/SRR491/SRR491018/SRR491018.fastq.gz	SRR491018.fastq.gz	SRR491018_GSM922203_Late_blastocyst_1_-Cell_10_Homo_sapiens_RNA-Seq.fastq.gz
Lateblastocyst_1_Cell_12	late_blastocyst	late_blastocyst	SRR491020	GSM922205: Late blastocyst #1 -Cell#12; Homo sapiens; RNA-Seq	Illumina HiSeq 2000	22084	1.37628E+12	ftp://ftp-trace.ncbi.nlm.nih.gov/sra/sra-instant/reads/ByRun/sra/SRR/SRR491/SRR491020/SRR491020.sra	SRR491020.sra	SRR491020_GSM922205_Late_blastocyst_1_-Cell_12_Homo_sapiens_RNA-Seq.sra	ftp://ftp.sra.ebi.ac.uk/vol1/fastq/SRR491/SRR491020/SRR491020.fastq.gz	era-fasp@fasp.sra.ebi.ac.uk:vol1/fastq/SRR491/SRR491020/SRR491020.fastq.gz	SRR491020.fastq.gz	SRR491020_GSM922205_Late_blastocyst_1_-Cell_12_Homo_sapiens_RNA-Seq.fastq.gz
Lateblastocyst_3_Cell_2	late_blastocyst	late_blastocyst	SRR491032	GSM922217: Late blastocyst #3 -Cell#2; Homo sapiens; RNA-Seq	Illumina HiSeq 2000	40081	1.37628E+12	ftp://ftp-trace.ncbi.nlm.nih.gov/sra/sra-instant/reads/ByRun/sra/SRR/SRR491/SRR491032/SRR491032.sra	SRR491032.sra	SRR491032_GSM922217_Late_blastocyst_3_-Cell_2_Homo_sapiens_RNA-Seq.sra	ftp://ftp.sra.ebi.ac.uk/vol1/fastq/SRR491/SRR491032/SRR491032.fastq.gz	era-fasp@fasp.sra.ebi.ac.uk:vol1/fastq/SRR491/SRR491032/SRR491032.fastq.gz	SRR491032.fastq.gz	SRR491032_GSM922217_Late_blastocyst_3_-Cell_2_Homo_sapiens_RNA-Seq.fastq.gz
Lateblastocyst_1_Cell_7	late_blastocyst	late_blastocyst	SRR491015	GSM922200: Late blastocyst #1 -Cell#7; Homo sapiens; RNA-Seq	Illumina HiSeq 2000	32501	1.37628E+12	ftp://ftp-trace.ncbi.nlm.nih.gov/sra/sra-instant/reads/ByRun/sra/SRR/SRR491/SRR491015/SRR491015.sra	SRR491015.sra	SRR491015_GSM922200_Late_blastocyst_1_-Cell_7_Homo_sapiens_RNA-Seq.sra	ftp://ftp.sra.ebi.ac.uk/vol1/fastq/SRR491/SRR491015/SRR491015.fastq.gz	era-fasp@fasp.sra.ebi.ac.uk:vol1/fastq/SRR491/SRR491015/SRR491015.fastq.gz	SRR491015.fastq.gz	SRR491015_GSM922200_Late_blastocyst_1_-Cell_7_Homo_sapiens_RNA-Seq.fastq.gz
Lateblastocyst_2_Cell_4	late_blastocyst	late_blastocyst	SRR491024	GSM922209: Late blastocyst #2 -Cell#4; Homo sapiens; RNA-Seq	Illumina HiSeq 2000	25390	1.37628E+12	ftp://ftp-trace.ncbi.nlm.nih.gov/sra/sra-instant/reads/ByRun/sra/SRR/SRR491/SRR491024/SRR491024.sra	SRR491024.sra	SRR491024_GSM922209_Late_blastocyst_2_-Cell_4_Homo_sapiens_RNA-Seq.sra	ftp://ftp.sra.ebi.ac.uk/vol1/fastq/SRR491/SRR491024/SRR491024.fastq.gz	era-fasp@fasp.sra.ebi.ac.uk:vol1/fastq/SRR491/SRR491024/SRR491024.fastq.gz	SRR491024.fastq.gz	SRR491024_GSM922209_Late_blastocyst_2_-Cell_4_Homo_sapiens_RNA-Seq.fastq.gz
Lateblastocyst_3_Cell_5	late_blastocyst	late_blastocyst	SRR491035	GSM922220: Late blastocyst #3 -Cell#5; Homo sapiens; RNA-Seq	Illumina HiSeq 2000	33002	1.37628E+12	ftp://ftp-trace.ncbi.nlm.nih.gov/sra/sra-instant/reads/ByRun/sra/SRR/SRR491/SRR491035/SRR491035.sra	SRR491035.sra	SRR491035_GSM922220_Late_blastocyst_3_-Cell_5_Homo_sapiens_RNA-Seq.sra	ftp://ftp.sra.ebi.ac.uk/vol1/fastq/SRR491/SRR491035/SRR491035.fastq.gz	era-fasp@fasp.sra.ebi.ac.uk:vol1/fastq/SRR491/SRR491035/SRR491035.fastq.gz	SRR491035.fastq.gz	SRR491035_GSM922220_Late_blastocyst_3_-Cell_5_Homo_sapiens_RNA-Seq.fastq.gz
4_cellembryo_2_Cell_4	four_cell	four_cell	SRR490968	GSM922153: 4-cell embryo#2 -Cell#4; Homo sapiens; RNA-Seq	Illumina HiSeq 2000	62851	1.37628E+12	ftp://ftp-trace.ncbi.nlm.nih.gov/sra/sra-instant/reads/ByRun/sra/SRR/SRR490/SRR490968/SRR490968.sra	SRR490968.sra	SRR490968_GSM922153_4-cell_embryo_2_-Cell_4_Homo_sapiens_RNA-Seq.sra	ftp://ftp.sra.ebi.ac.uk/vol1/fastq/SRR490/SRR490968/SRR490968.fastq.gz	era-fasp@fasp.sra.ebi.ac.uk:vol1/fastq/SRR490/SRR490968/SRR490968.fastq.gz	SRR490968.fastq.gz	SRR490968_GSM922153_4-cell_embryo_2_-Cell_4_Homo_sapiens_RNA-Seq.fastq.gz
8_cellembryo_2_Cell_2	eight_cell	eight_cell	SRR490978	GSM922163: 8-cell embryo#2 -Cell#2; Homo sapiens; RNA-Seq	Illumina HiSeq 2000	32483	1.37628E+12	ftp://ftp-trace.ncbi.nlm.nih.gov/sra/sra-instant/reads/ByRun/sra/SRR/SRR490/SRR490978/SRR490978.sra	SRR490978.sra	SRR490978_GSM922163_8-cell_embryo_2_-Cell_2_Homo_sapiens_RNA-Seq.sra	ftp://ftp.sra.ebi.ac.uk/vol1/fastq/SRR490/SRR490978/SRR490978.fastq.gz	era-fasp@fasp.sra.ebi.ac.uk:vol1/fastq/SRR490/SRR490978/SRR490978.fastq.gz	SRR490978.fastq.gz	SRR490978_GSM922163_8-cell_embryo_2_-Cell_2_Homo_sapiens_RNA-Seq.fastq.gz
8_cellembryo_2_Cell_1	eight_cell	eight_cell	SRR490977	GSM922162: 8-cell embryo#2 -Cell#1; Homo sapiens; RNA-Seq	Illumina HiSeq 2000	27603	1.37628E+12	ftp://ftp-trace.ncbi.nlm.nih.gov/sra/sra-instant/reads/ByRun/sra/SRR/SRR490/SRR490977/SRR490977.sra	SRR490977.sra	SRR490977_GSM922162_8-cell_embryo_2_-Cell_1_Homo_sapiens_RNA-Seq.sra	ftp://ftp.sra.ebi.ac.uk/vol1/fastq/SRR490/SRR490977/SRR490977.fastq.gz	era-fasp@fasp.sra.ebi.ac.uk:vol1/fastq/SRR490/SRR490977/SRR490977.fastq.gz	SRR490977.fastq.gz	SRR490977_GSM922162_8-cell_embryo_2_-Cell_1_Homo_sapiens_RNA-Seq.fastq.gz
8_cellembryo_2_Cell_3	eight_cell	eight_cell	SRR490979	GSM922164: 8-cell embryo#2 -Cell#3; Homo sapiens; RNA-Seq	Illumina HiSeq 2000	28271	1.37628E+12	ftp://ftp-trace.ncbi.nlm.nih.gov/sra/sra-instant/reads/ByRun/sra/SRR/SRR490/SRR490979/SRR490979.sra	SRR490979.sra	SRR490979_GSM922164_8-cell_embryo_2_-Cell_3_Homo_sapiens_RNA-Seq.sra	ftp://ftp.sra.ebi.ac.uk/vol1/fastq/SRR490/SRR490979/SRR490979.fastq.gz	era-fasp@fasp.sra.ebi.ac.uk:vol1/fastq/SRR490/SRR490979/SRR490979.fastq.gz	SRR490979.fastq.gz	SRR490979_GSM922164_8-cell_embryo_2_-Cell_3_Homo_sapiens_RNA-Seq.fastq.gz
4_cellembryo_3_Cell_3	four_cell	four_cell	SRR490971	GSM922156: 4-cell embryo#3 -Cell#3; Homo sapiens; RNA-Seq	Illumina HiSeq 2000	38896	1.37628E+12	ftp://ftp-trace.ncbi.nlm.nih.gov/sra/sra-instant/reads/ByRun/sra/SRR/SRR490/SRR490971/SRR490971.sra	SRR490971.sra	SRR490971_GSM922156_4-cell_embryo_3_-Cell_3_Homo_sapiens_RNA-Seq.sra	ftp://ftp.sra.ebi.ac.uk/vol1/fastq/SRR490/SRR490971/SRR490971.fastq.gz	era-fasp@fasp.sra.ebi.ac.uk:vol1/fastq/SRR490/SRR490971/SRR490971.fastq.gz	SRR490971.fastq.gz	SRR490971_GSM922156_4-cell_embryo_3_-Cell_3_Homo_sapiens_RNA-Seq.fastq.gz
8_cellembryo_1_Cell_1	eight_cell	eight_cell	SRR490973	GSM922158: 8-cell embryo#1 -Cell#1; Homo sapiens; RNA-Seq	Illumina HiSeq 2000	31911	1.37628E+12	ftp://ftp-trace.ncbi.nlm.nih.gov/sra/sra-instant/reads/ByRun/sra/SRR/SRR490/SRR490973/SRR490973.sra	SRR490973.sra	SRR490973_GSM922158_8-cell_embryo_1_-Cell_1_Homo_sapiens_RNA-Seq.sra	ftp://ftp.sra.ebi.ac.uk/vol1/fastq/SRR490/SRR490973/SRR490973.fastq.gz	era-fasp@fasp.sra.ebi.ac.uk:vol1/fastq/SRR490/SRR490973/SRR490973.fastq.gz	SRR490973.fastq.gz	SRR490973_GSM922158_8-cell_embryo_1_-Cell_1_Homo_sapiens_RNA-Seq.fastq.gz
8_cellembryo_2_Cell_5	eight_cell	eight_cell	SRR490981	GSM922166: 8-cell embryo#2 -Cell#5; Homo sapiens; RNA-Seq	Illumina HiSeq 2000	34099	1.37628E+12	ftp://ftp-trace.ncbi.nlm.nih.gov/sra/sra-instant/reads/ByRun/sra/SRR/SRR490/SRR490981/SRR490981.sra	SRR490981.sra	SRR490981_GSM922166_8-cell_embryo_2_-Cell_5_Homo_sapiens_RNA-Seq.sra	ftp://ftp.sra.ebi.ac.uk/vol1/fastq/SRR490/SRR490981/SRR490981.fastq.gz	era-fasp@fasp.sra.ebi.ac.uk:vol1/fastq/SRR490/SRR490981/SRR490981.fastq.gz	SRR490981.fastq.gz	SRR490981_GSM922166_8-cell_embryo_2_-Cell_5_Homo_sapiens_RNA-Seq.fastq.gz
4_cellembryo_2_Cell_3	four_cell	four_cell	SRR490967	GSM922152: 4-cell embryo#2 -Cell#3; Homo sapiens; RNA-Seq	Illumina HiSeq 2000	48487	1.37628E+12	ftp://ftp-trace.ncbi.nlm.nih.gov/sra/sra-instant/reads/ByRun/sra/SRR/SRR490/SRR490967/SRR490967.sra	SRR490967.sra	SRR490967_GSM922152_4-cell_embryo_2_-Cell_3_Homo_sapiens_RNA-Seq.sra	ftp://ftp.sra.ebi.ac.uk/vol1/fastq/SRR490/SRR490967/SRR490967.fastq.gz	era-fasp@fasp.sra.ebi.ac.uk:vol1/fastq/SRR490/SRR490967/SRR490967.fastq.gz	SRR490967.fastq.gz	SRR490967_GSM922152_4-cell_embryo_2_-Cell_3_Homo_sapiens_RNA-Seq.fastq.gz
4_cellembryo_3_Cell_4	four_cell	four_cell	SRR490972	GSM922157: 4-cell embryo#3 -Cell#4; Homo sapiens; RNA-Seq	Illumina HiSeq 2000	58235	1.37628E+12	ftp://ftp-trace.ncbi.nlm.nih.gov/sra/sra-instant/reads/ByRun/sra/SRR/SRR490/SRR490972/SRR490972.sra	SRR490972.sra	SRR490972_GSM922157_4-cell_embryo_3_-Cell_4_Homo_sapiens_RNA-Seq.sra	ftp://ftp.sra.ebi.ac.uk/vol1/fastq/SRR490/SRR490972/SRR490972.fastq.gz	era-fasp@fasp.sra.ebi.ac.uk:vol1/fastq/SRR490/SRR490972/SRR490972.fastq.gz	SRR490972.fastq.gz	SRR490972_GSM922157_4-cell_embryo_3_-Cell_4_Homo_sapiens_RNA-Seq.fastq.gz
8_cellembryo_2_Cell_4	eight_cell	eight_cell	SRR490980	GSM922165: 8-cell embryo#2 -Cell#4; Homo sapiens; RNA-Seq	Illumina HiSeq 2000	31915	1.37628E+12	ftp://ftp-trace.ncbi.nlm.nih.gov/sra/sra-instant/reads/ByRun/sra/SRR/SRR490/SRR490980/SRR490980.sra	SRR490980.sra	SRR490980_GSM922165_8-cell_embryo_2_-Cell_4_Homo_sapiens_RNA-Seq.sra	ftp://ftp.sra.ebi.ac.uk/vol1/fastq/SRR490/SRR490980/SRR490980.fastq.gz	era-fasp@fasp.sra.ebi.ac.uk:vol1/fastq/SRR490/SRR490980/SRR490980.fastq.gz	SRR490980.fastq.gz	SRR490980_GSM922165_8-cell_embryo_2_-Cell_4_Homo_sapiens_RNA-Seq.fastq.gz
4_cellembryo_3_Cell_2	four_cell	four_cell	SRR490970	GSM922155: 4-cell embryo#3 -Cell#2; Homo sapiens; RNA-Seq	Illumina HiSeq 2000	52736	1.37628E+12	ftp://ftp-trace.ncbi.nlm.nih.gov/sra/sra-instant/reads/ByRun/sra/SRR/SRR490/SRR490970/SRR490970.sra	SRR490970.sra	SRR490970_GSM922155_4-cell_embryo_3_-Cell_2_Homo_sapiens_RNA-Seq.sra	ftp://ftp.sra.ebi.ac.uk/vol1/fastq/SRR490/SRR490970/SRR490970.fastq.gz	era-fasp@fasp.sra.ebi.ac.uk:vol1/fastq/SRR490/SRR490970/SRR490970.fastq.gz	SRR490970.fastq.gz	SRR490970_GSM922155_4-cell_embryo_3_-Cell_2_Homo_sapiens_RNA-Seq.fastq.gz
8_cellembryo_1_Cell_2	eight_cell	eight_cell	SRR490974	GSM922159: 8-cell embryo#1 -Cell#2; Homo sapiens; RNA-Seq	Illumina HiSeq 2000	30282	1.37628E+12	ftp://ftp-trace.ncbi.nlm.nih.gov/sra/sra-instant/reads/ByRun/sra/SRR/SRR490/SRR490974/SRR490974.sra	SRR490974.sra	SRR490974_GSM922159_8-cell_embryo_1_-Cell_2_Homo_sapiens_RNA-Seq.sra	ftp://ftp.sra.ebi.ac.uk/vol1/fastq/SRR490/SRR490974/SRR490974.fastq.gz	era-fasp@fasp.sra.ebi.ac.uk:vol1/fastq/SRR490/SRR490974/SRR490974.fastq.gz	SRR490974.fastq.gz	SRR490974_GSM922159_8-cell_embryo_1_-Cell_2_Homo_sapiens_RNA-Seq.fastq.gz
8_cellembryo_1_Cell_4	eight_cell	eight_cell	SRR490976	GSM922161: 8-cell embryo#1 -Cell#4; Homo sapiens; RNA-Seq	Illumina HiSeq 2000	33262	1.37628E+12	ftp://ftp-trace.ncbi.nlm.nih.gov/sra/sra-instant/reads/ByRun/sra/SRR/SRR490/SRR490976/SRR490976.sra	SRR490976.sra	SRR490976_GSM922161_8-cell_embryo_1_-Cell_4_Homo_sapiens_RNA-Seq.sra	ftp://ftp.sra.ebi.ac.uk/vol1/fastq/SRR490/SRR490976/SRR490976.fastq.gz	era-fasp@fasp.sra.ebi.ac.uk:vol1/fastq/SRR490/SRR490976/SRR490976.fastq.gz	SRR490976.fastq.gz	SRR490976_GSM922161_8-cell_embryo_1_-Cell_4_Homo_sapiens_RNA-Seq.fastq.gz
8_cellembryo_2_Cell_6	eight_cell	eight_cell	SRR490982	GSM922167: 8-cell embryo#2 -Cell#6; Homo sapiens; RNA-Seq	Illumina HiSeq 2000	32376	1.37628E+12	ftp://ftp-trace.ncbi.nlm.nih.gov/sra/sra-instant/reads/ByRun/sra/SRR/SRR490/SRR490982/SRR490982.sra	SRR490982.sra	SRR490982_GSM922167_8-cell_embryo_2_-Cell_6_Homo_sapiens_RNA-Seq.sra	ftp://ftp.sra.ebi.ac.uk/vol1/fastq/SRR490/SRR490982/SRR490982.fastq.gz	era-fasp@fasp.sra.ebi.ac.uk:vol1/fastq/SRR490/SRR490982/SRR490982.fastq.gz	SRR490982.fastq.gz	SRR490982_GSM922167_8-cell_embryo_2_-Cell_6_Homo_sapiens_RNA-Seq.fastq.gz
8_cellembryo_1_Cell_3	eight_cell	eight_cell	SRR490975	GSM922160: 8-cell embryo#1 -Cell#3; Homo sapiens; RNA-Seq	Illumina HiSeq 2000	33566	1.37628E+12	ftp://ftp-trace.ncbi.nlm.nih.gov/sra/sra-instant/reads/ByRun/sra/SRR/SRR490/SRR490975/SRR490975.sra	SRR490975.sra	SRR490975_GSM922160_8-cell_embryo_1_-Cell_3_Homo_sapiens_RNA-Seq.sra	ftp://ftp.sra.ebi.ac.uk/vol1/fastq/SRR490/SRR490975/SRR490975.fastq.gz	era-fasp@fasp.sra.ebi.ac.uk:vol1/fastq/SRR490/SRR490975/SRR490975.fastq.gz	SRR490975.fastq.gz	SRR490975_GSM922160_8-cell_embryo_1_-Cell_3_Homo_sapiens_RNA-Seq.fastq.gz
4_cellembryo_3_Cell_1	four_cell	four_cell	SRR490969	GSM922154: 4-cell embryo#3 -Cell#1; Homo sapiens; RNA-Seq	Illumina HiSeq 2000	53929	1.37628E+12	ftp://ftp-trace.ncbi.nlm.nih.gov/sra/sra-instant/reads/ByRun/sra/SRR/SRR490/SRR490969/SRR490969.sra	SRR490969.sra	SRR490969_GSM922154_4-cell_embryo_3_-Cell_1_Homo_sapiens_RNA-Seq.sra	ftp://ftp.sra.ebi.ac.uk/vol1/fastq/SRR490/SRR490969/SRR490969.fastq.gz	era-fasp@fasp.sra.ebi.ac.uk:vol1/fastq/SRR490/SRR490969/SRR490969.fastq.gz	SRR490969.fastq.gz	SRR490969_GSM922154_4-cell_embryo_3_-Cell_1_Homo_sapiens_RNA-Seq.fastq.gz